Timestamp,ElbowFlex,ShoulderFlex1,ShoulderFlex2,ShoulderFlex3,ForearmFlex,HandFlex1,HandFlex2,Gripper
849.6706179976172,-43.22,47.27,22.15,-100.83,-117.46,29.65,-57.58,14.48
9.828795999055728,-43.22,47.27,22.15,-100.83,-117.46,29.65,-57.58,14.48
20.064969001396094,-43.22,47.27,22.15,-100.83,-117.46,29.65,-57.58,14.48
20.10128099936992,-43.74,47.27,22.15,-100.83,-117.46,29.65,-57.58,14.48
0.32661300065228716,-43.74,47.27,22.15,-100.83,-117.46,29.65,-57.58,14.48
19.5107569998072,-43.06,47.27,22.15,-100.83,-117.46,29.65,-57.58,14.48
0.19987699852208607,-43.06,47.27,22.15,-100.83,-117.46,29.65,-57.58,14.48
19.920190003176685,-43.7,47.27,22.15,-100.83,-117.46,29.65,-57.58,14.48
0.19855899881804362,-43.7,47.27,22.15,-100.83,-117.46,30.18,-57.58,14.48
19.609120001405245,-43.7,47.27,22.15,-100.83,-117.46,30.18,-57.58,14.48
0.1722410015645437,-43.7,47.27,22.15,-100.83,-117.46,30.18,-57.58,14.48
19.863051998981973,-43.7,47.27,22.15,-100.83,-117.46,30.18,-57.58,14.48
0.3455580008449033,-43.7,47.27,22.15,-100.83,-117.46,30.18,-57.06,14.48
9.731327001645695,-43.7,47.27,22.15,-100.83,-117.46,29.66,-57.06,14.48
0.2070360023935791,-43.7,47.27,22.15,-100.83,-117.46,29.66,-57.06,14.48
19.693122998432955,-43.7,47.27,22.15,-100.31,-117.46,29.66,-57.65,14.48
20.000466000055894,-43.7,47.27,22.15,-100.31,-117.46,29.66,-57.65,14.48
0.26510399766266346,-43.7,47.27,22.15,-100.31,-117.46,29.66,-57.65,14.48
9.766458999365568,-43.7,47.27,22.15,-100.31,-117.46,29.66,-57.65,14.48
9.943240002030507,-43.7,47.27,22.15,-100.86,-117.46,29.66,-57.65,14.48
0.2941589991678484,-43.7,47.27,22.15,-100.86,-117.46,29.66,-57.65,14.48
19.711839999217773,-43.7,47.27,22.15,-100.86,-117.46,29.66,-57.65,14.48
9.912189001624938,-43.7,47.27,22.15,-100.86,-117.46,29.66,-57.65,14.48
0.31246200160239823,-43.7,47.27,22.71,-100.86,-117.46,29.66,-57.65,14.48
9.80858600087231,-43.7,47.27,22.71,-100.86,-117.46,29.66,-57.65,14.48
9.958113001630409,-43.7,47.27,22.71,-100.86,-117.46,29.66,-57.65,14.48
20.002394998300588,-43.7,47.27,22.71,-100.86,-117.46,29.66,-57.65,14.48
9.956433998013381,-43.7,47.27,22.71,-100.86,-117.46,29.66,-57.65,14.48
20.04424099868629,-43.7,47.27,22.71,-100.86,-117.46,29.66,-57.65,14.48
0.2313090008101426,-43.7,47.27,22.71,-100.86,-117.46,29.66,-57.65,14.48
21.750310999777867,-43.7,47.27,22.71,-100.86,-117.46,29.66,-57.65,14.48
0.3575000009732321,-43.7,47.27,22.71,-100.86,-117.46,29.66,-57.14,14.48
17.76611400055117,-43.7,47.27,22.71,-100.86,-117.46,29.66,-57.14,14.48
0.2624359985929914,-43.7,47.27,22.71,-100.86,-117.46,29.66,-57.14,14.48
9.585558997059707,-43.7,47.27,22.71,-100.86,-117.46,29.66,-57.14,14.48
0.19956599862780422,-43.7,47.27,22.71,-100.86,-117.46,29.66,-57.14,14.48
19.794369000010192,-43.7,47.27,22.71,-100.86,-117.46,29.66,-57.14,12.11
20.142966001003515,-43.7,47.27,22.71,-100.86,-117.46,29.66,-57.14,8.71
0.2099129997077398,-43.7,47.27,22.71,-100.86,-117.46,29.66,-57.14,10.44
9.61368799835327,-43.7,47.27,22.71,-100.86,-117.46,29.66,-57.14,13.99
0.20282900004531257,-43.7,47.27,22.71,-100.86,-117.46,29.66,-57.14,14.83
9.735335002915235,-43.7,47.27,22.71,-99.95,-117.46,29.66,-57.14,14.83
20.107925000047544,-43.7,47.27,22.71,-99.95,-117.46,29.66,-57.14,14.2
21.063685999251902,-43.7,47.27,22.71,-99.95,-117.46,29.66,-57.14,14.2
0.299015999189578,-43.7,47.27,22.71,-99.95,-117.46,29.66,-57.14,14.2
18.813060996762943,-43.7,47.27,22.71,-99.95,-117.46,29.66,-57.14,14.2
0.30241500280681066,-43.7,47.27,22.71,-99.95,-117.46,29.66,-57.14,14.2
9.454989001824288,-43.7,47.27,22.71,-100.5,-117.46,29.66,-57.14,14.2
0.3032489985344,-43.7,47.27,22.71,-100.5,-117.46,29.66,-57.14,14.2
19.919807000405854,-43.7,47.27,22.71,-100.5,-117.46,29.66,-57.14,14.2
10.072979002870852,-43.7,47.27,22.71,-100.5,-117.46,29.66,-57.14,14.83
0.3292820001661312,-43.7,47.27,22.71,-100.5,-117.46,29.66,-57.14,14.83
19.463615000859136,-43.7,47.27,22.71,-100.5,-117.46,29.66,-57.14,14.83
20.128235999436583,-43.7,47.27,22.71,-100.5,-117.46,29.66,-57.14,14.83
0.316821999149397,-43.7,47.27,22.71,-100.5,-117.46,29.66,-57.14,14.83
9.578370001690928,-43.7,47.27,22.71,-100.5,-117.46,29.66,-57.14,14.83
10.062732999358559,-43.7,47.27,22.71,-100.5,-117.46,30.26,-57.14,13.97
0.18132799959857948,-43.7,47.27,22.71,-100.5,-117.46,30.26,-57.14,13.97
19.73147700118716,-43.7,47.27,22.71,-100.5,-117.46,30.26,-57.14,13.97
20.09509799972875,-43.7,47.27,22.71,-100.5,-117.46,30.26,-57.14,13.97
0.21120400197105482,-43.7,47.27,22.71,-100.5,-117.46,30.26,-57.14,13.97
9.759417000168469,-43.7,47.27,22.71,-100.5,-117.46,30.26,-57.14,13.97
10.006796001107432,-43.7,47.27,22.71,-100.5,-117.46,30.26,-57.14,13.97
0.4089169997314457,-43.7,47.27,22.71,-100.5,-117.46,30.26,-57.14,13.97
19.5931570015091,-43.7,47.27,22.71,-100.5,-117.46,30.26,-57.14,13.97
20.009054998809006,-43.7,47.27,22.71,-100.5,-117.46,30.26,-57.14,13.97
0.2959019984700717,-43.7,47.27,22.71,-100.5,-117.46,30.26,-57.14,14.6
9.55362700187834,-43.7,47.27,22.71,-100.5,-117.46,30.26,-57.14,14.6
20.13369300038903,-43.7,47.27,22.71,-100.5,-117.46,30.26,-57.14,14.6
0.2688189997570589,-43.7,47.27,22.71,-100.5,-117.46,30.26,-57.14,14.6
9.618011998099973,-43.7,47.27,22.71,-100.5,-117.46,30.26,-57.14,13.93
0.21737899805884808,-43.7,47.27,22.71,-100.5,-117.46,30.26,-57.14,13.93
19.81611500013969,-43.7,47.27,22.71,-100.5,-117.46,30.26,-57.14,13.93
10.08260200251243,-43.7,47.27,22.71,-100.5,-117.46,29.57,-57.14,13.93
0.3203129999747034,-43.7,47.27,22.71,-99.99,-117.46,29.57,-57.14,13.93
19.60876399971312,-43.7,47.27,22.71,-99.99,-117.46,29.57,-57.14,14.87
19.896729001629865,-43.7,47.27,22.71,-99.99,-117.46,29.57,-57.14,14.87
0.2403270009381231,-43.7,47.27,22.71,-100.53,-117.46,29.57,-57.14,14.87
9.845590000622906,-43.7,47.27,22.71,-100.53,-117.46,29.57,-57.14,14.87
0.31146399851422757,-43.7,47.27,22.71,-100.53,-117.46,29.57,-57.14,14.87
9.636034999857657,-43.7,47.27,22.71,-100.53,-117.46,29.57,-57.14,14.87
19.959321998612722,-43.7,47.27,22.71,-100.53,-117.46,29.57,-57.14,14.87
10.146748001716333,-43.7,47.27,22.71,-100.53,-117.46,29.57,-57.14,14.87
0.26621000142768025,-43.7,47.27,22.71,-100.53,-117.46,29.57,-57.14,14.87
19.738803999644006,-43.7,47.27,22.71,-100.53,-117.46,29.57,-57.14,14.87
19.950101999711478,-43.7,47.27,22.71,-100.53,-117.46,29.57,-57.14,14.33
0.2139290008926764,-43.7,47.27,22.71,-100.53,-117.46,29.57,-57.14,14.33
9.77802600027644,-43.7,47.27,22.71,-101.09,-117.46,29.57,-57.14,14.33
0.49975599904428236,-43.7,47.27,22.71,-101.09,-117.46,29.57,-57.14,14.33
19.432100001722574,-43.7,47.27,22.71,-101.09,-117.46,29.57,-57.14,14.33
10.003830000641756,-43.7,47.27,22.71,-101.09,-117.46,29.57,-57.14,14.33
0.15786500080139376,-43.7,47.27,22.71,-101.09,-117.46,29.57,-57.14,14.33
19.818135999230435,-43.7,47.27,22.71,-101.09,-117.46,29.57,-57.14,11.82
20.152780001808424,-43.7,47.27,22.71,-101.09,-117.46,29.57,-57.74,8.71
0.29526700018323027,-43.7,47.27,22.71,-101.09,-117.46,29.57,-57.74,10.6
9.60919299905072,-43.7,47.27,22.71,-101.09,-117.46,29.57,-57.74,14.4
10.049498003354529,-43.7,47.27,22.19,-101.09,-117.46,29.57,-57.74,15.43
0.27715500254998915,-43.7,47.27,22.19,-101.09,-117.46,29.57,-57.74,15.43
19.690179000463104,-43.7,47.27,22.19,-101.09,-117.46,30.17,-57.74,14.44
10.034191000158899,-43.7,47.27,22.19,-101.09,-117.46,30.17,-57.74,14.44
0.300994001008803,-43.7,47.27,22.19,-101.09,-117.46,30.17,-57.74,14.44
9.671900999819627,-43.7,47.27,22.19,-100.52,-117.46,30.17,-57.19,14.44
9.986397999455221,-43.7,47.27,22.19,-100.52,-117.46,30.17,-57.19,14.44
21.006957002100535,-43.7,47.27,22.19,-99.85,-117.46,30.17,-57.19,14.44
22.07974700286286,-43.7,47.27,22.19,-99.85,-117.46,30.17,-57.19,14.44
0.20327899983385578,-43.7,47.27,22.19,-100.39,-117.46,30.17,-57.19,14.44
16.74744699994335,-43.7,47.27,22.19,-100.39,-117.46,30.17,-57.19,14.44
0.29790500047965907,-43.7,47.27,22.19,-100.39,-117.46,30.17,-57.19,14.44
9.675242999946931,-43.7,47.27,22.19,-100.39,-117.46,30.17,-57.19,14.44
0.3020759977516718,-43.7,47.27,22.7,-100.39,-117.46,30.17,-57.19,14.44
19.741404998057988,-43.7,47.27,22.7,-100.39,-117.46,30.17,-57.19,14.44
19.846636001602747,-43.7,47.27,22.7,-100.39,-117.46,30.17,-57.19,14.44
0.44711100053973496,-43.7,47.27,22.7,-100.39,-117.46,30.17,-57.19,14.44
9.666592999565182,-43.7,47.27,22.7,-100.39,-117.46,30.17,-57.19,14.44
0.18685000031837262,-43.7,47.27,22.7,-100.39,-117.46,30.17,-57.19,14.44
19.85501700255554,-43.7,47.27,22.7,-100.39,-117.46,30.17,-57.19,14.44
19.95363300011377,-43.7,47.27,22.7,-100.39,-117.46,30.17,-57.19,14.44
0.3004670033988077,-43.7,47.27,22.7,-100.39,-117.46,30.17,-57.19,14.44
21.04149899969343,-43.7,47.27,22.7,-100.39,-117.46,30.17,-57.19,14.44
0.4546870004560333,-43.7,47.27,22.7,-100.39,-117.46,30.17,-57.19,14.44
19.0331280027749,-43.7,47.27,22.7,-100.39,-117.46,30.17,-57.19,14.44
0.3102490009041503,-43.7,47.27,22.7,-99.46,-117.46,30.17,-57.19,14.44
8.761855999182444,-43.7,47.27,22.7,-99.46,-117.46,30.17,-57.19,14.44
10.124327000085032,-43.7,47.27,22.7,-99.96,-117.46,30.17,-57.19,14.44
0.2771440013020765,-43.7,47.27,22.7,-100.73,-117.46,30.17,-57.19,14.44
19.719934000022477,-43.7,47.27,22.7,-100.73,-117.46,30.17,-57.19,14.44
9.9734730029013,-43.7,47.27,22.7,-100.73,-117.46,30.17,-57.19,14.44
0.2906379995692987,-43.7,47.27,22.7,-100.09,-117.46,30.17,-57.19,14.44
19.669737997901393,-43.7,47.27,22.7,-100.09,-117.46,30.17,-57.19,14.44
10.114262000570307,-43.7,47.27,22.7,-100.6,-117.46,30.17,-57.19,14.44
0.22149999858811498,-43.7,47.27,22.7,-100.6,-117.46,30.17,-57.19,14.44
19.703257999935886,-43.7,47.27,22.7,-100.6,-117.46,30.17,-57.19,14.44
10.018529999797465,-43.7,47.27,22.7,-99.78,-117.46,30.17,-57.19,14.44
0.2522409995435737,-43.7,47.27,22.7,-99.78,-117.46,30.17,-57.19,14.44
19.757824997213902,-43.7,47.27,22.7,-100.74,-117.46,30.17,-57.19,14.44
9.92541600135155,-43.7,47.27,22.7,-100.74,-117.46,30.17,-57.19,14.44
0.24933500026236288,-43.7,47.27,22.7,-100.09,-117.46,30.17,-57.19,14.44
19.805144998827018,-43.7,47.27,22.7,-100.09,-117.46,30.17,-57.19,14.44
9.917006002069684,-43.7,47.27,22.7,-100.09,-117.46,30.17,-57.19,14.44
0.33295100001851097,-43.7,47.27,22.7,-100.09,-117.46,30.17,-57.19,14.44
19.63423800043529,-43.7,47.27,22.7,-100.09,-117.46,30.17,-57.19,14.44
20.225350999680813,-43.7,47.27,22.7,-100.09,-117.46,30.17,-57.19,14.44
0.24436799867544323,-43.7,47.27,22.14,-100.09,-117.46,30.17,-57.19,14.44
20.573394998791628,-43.7,47.27,22.14,-100.63,-117.46,30.17,-57.19,14.44
0.25901100161718205,-43.7,47.27,22.14,-100.63,-117.46,30.17,-57.19,14.44
18.694370999583043,-43.7,47.27,22.14,-100.63,-117.46,30.17,-57.19,12.32
0.27546899946173653,-43.7,47.27,22.14,-100.63,-117.46,30.17,-57.19,8.94
19.724051002413034,-43.7,47.27,22.14,-100.63,-117.46,30.17,-57.19,10.54
0.3242739985580556,-43.7,47.27,22.14,-100.63,-117.46,30.17,-57.19,14.24
9.66768500074977,-43.7,47.27,22.14,-100.63,-117.46,30.17,-57.19,15.27
9.918712999933632,-43.7,47.27,22.14,-100.08,-117.46,30.17,-57.19,14.69
0.2596160011307802,-43.7,47.27,22.66,-100.08,-117.46,30.17,-57.19,14.14
19.917020999855595,-43.7,47.27,22.66,-100.73,-117.46,29.6,-57.19,14.14
10.129555997991702,-43.7,47.27,22.66,-100.73,-117.46,29.6,-57.19,14.14
0.371461999748135,-43.7,47.27,22.66,-100.73,-117.46,29.6,-57.19,14.14
19.330308998178225,-43.7,47.27,22.66,-100.73,-117.46,29.6,-57.19,14.66
20.15051099806442,-43.7,47.27,22.66,-100.73,-117.46,29.6,-57.19,14.66
0.3192690019204747,-43.7,47.27,22.66,-100.11,-117.46,29.6,-57.19,14.66
9.68125899817096,-43.7,47.27,22.66,-100.11,-117.46,29.6,-57.19,14.66
9.881919999315869,-43.7,47.27,22.66,-100.11,-117.46,29.6,-57.19,14.66
0.2801470000122208,-43.7,47.27,22.66,-99.5,-117.46,29.6,-57.19,14.66
19.68840300105512,-43.7,47.27,22.66,-99.5,-117.46,30.13,-57.19,14.66
10.883959999773651,-43.7,47.27,22.66,-100.26,-117.46,30.13,-57.19,14.66
0.3707550022227224,-43.7,47.27,22.66,-100.26,-117.46,30.13,-57.19,14.66
18.92501900147181,-43.7,47.27,22.66,-100.26,-117.46,30.13,-57.19,14.66
9.881683999992674,-43.7,47.27,22.66,-100.26,-117.46,30.13,-57.19,14.66
0.19945899839513004,-43.7,47.27,22.66,-100.26,-117.46,30.13,-57.19,14.66
20.936952998454217,-43.7,47.27,22.66,-100.26,-117.46,30.13,-57.19,14.66
8.85273799940478,-43.7,47.27,22.66,-100.26,-117.46,30.13,-57.19,14.66
0.17417499839211814,-43.7,47.27,22.66,-100.26,-117.46,30.13,-57.19,14.66
19.87827099947026,-43.7,47.27,22.66,-100.26,-117.46,30.13,-57.19,14.66
10.022613001638092,-43.7,47.27,22.66,-100.26,-117.46,30.13,-57.19,14.66
0.2079559999401681,-43.7,47.27,22.09,-100.26,-117.46,30.13,-57.19,14.66
19.799049998255214,-43.7,47.27,22.09,-100.81,-117.46,30.13,-57.19,14.66
9.983333002310246,-43.7,47.27,22.09,-100.81,-117.46,30.13,-57.19,14.66
0.21456400281749666,-43.7,47.27,22.6,-100.81,-117.46,30.13,-57.19,14.66
19.75852200121153,-43.7,47.27,22.6,-100.26,-117.46,30.13,-57.19,14.66
10.046677001810167,-43.7,47.27,22.6,-100.26,-117.46,30.13,-57.19,14.66
0.3630320024967659,-43.7,47.27,22.6,-100.79,-117.46,30.13,-57.19,14.66
19.67080099711893,-43.7,47.27,22.6,-100.79,-117.46,30.13,-57.19,14.66
19.997117000457365,-43.7,47.27,22.6,-100.79,-117.46,30.13,-57.19,14.66
0.22375900152837858,-43.7,47.27,22.6,-100.79,-117.46,30.13,-57.19,14.66
9.698695001134183,-43.7,47.27,22.6,-100.79,-117.46,30.13,-57.19,14.66
0.19355900076334365,-43.7,47.27,22.6,-100.79,-117.46,30.13,-57.19,14.66
10.758964999695309,-43.7,47.27,22.6,-100.79,-117.46,30.13,-57.19,14.66
19.06848300131969,-43.7,47.27,22.05,-100.79,-117.46,30.13,-57.19,14.66
10.012886999902548,-43.7,47.27,22.05,-100.79,-117.46,30.13,-57.19,14.66
0.3115700019407086,-43.7,47.27,22.05,-100.23,-117.46,30.13,-57.19,14.66
19.604166998760775,-43.7,47.27,22.05,-100.23,-117.46,30.13,-57.19,14.66
9.859940000751521,-43.7,47.27,22.05,-100.23,-117.46,30.13,-57.19,14.66
0.20409900025697425,-43.7,47.27,22.05,-100.23,-117.46,30.13,-57.19,14.66
19.90239999940968,-43.7,47.27,22.05,-100.23,-117.46,30.13,-57.19,14.66
20.039822000399,-43.7,47.27,22.05,-100.23,-117.46,30.13,-57.19,14.66
0.19076899843639694,-43.7,47.27,22.05,-101.13,-117.46,30.13,-57.19,14.66
19.81096599774901,-43.7,47.27,22.05,-101.13,-117.46,30.13,-57.19,14.66
0.18242000078316778,-43.7,47.27,22.05,-101.13,-117.46,30.13,-57.19,14.66
9.829877999436576,-43.7,47.27,22.55,-101.13,-117.46,30.13,-57.19,14.66
0.2064280015474651,-43.7,47.27,22.55,-101.13,-117.46,30.13,-57.19,14.66
19.662159000290558,-43.7,47.27,22.55,-100.28,-117.46,30.13,-57.19,14.66
10.134042000572663,-43.7,47.27,22.55,-100.28,-117.46,30.13,-57.19,11.92
0.4026610004075337,-43.7,47.27,22.55,-100.28,-117.46,30.13,-57.19,-93.6
19.56123800118803,-43.7,47.27,22.55,-100.79,-117.46,30.13,-57.19,-231.82
9.939853000105359,-43.7,47.27,22.55,-100.79,-117.46,30.13,-57.19,-157.64
0.4050030001963023,-43.7,47.27,22.55,-100.79,-117.46,30.13,-57.19,-1.0
19.669213997985935,-43.7,47.27,22.55,-100.79,-117.46,30.13,-57.19,42.47
9.93149900023127,-43.7,47.27,22.55,-100.79,-117.46,30.13,-57.19,27.95
0.19321400031913072,-43.7,47.27,22.55,-100.79,-117.46,30.13,-57.19,14.04
19.931163002183894,-43.7,47.27,22.55,-100.1,-117.46,30.13,-57.19,11.61
9.98264699956053,-43.7,47.27,22.55,-100.1,-117.46,30.13,-57.19,13.45
0.28693700005533174,-43.7,47.27,22.55,-100.1,-117.46,30.13,-57.19,14.82
19.694746999448398,-43.7,47.27,22.55,-100.69,-117.46,30.13,-57.19,14.82
9.926677001203643,-43.7,47.27,22.55,-100.69,-117.46,30.13,-57.19,14.82
0.22028599778423086,-43.7,47.27,22.55,-100.69,-117.46,30.13,-57.19,14.82
20.836660001805285,-43.7,47.27,22.55,-100.69,-117.46,30.13,-57.19,14.82
18.98137299940572,-43.7,47.27,22.55,-100.69,-117.46,30.13,-57.19,14.82
0.19862400222336873,-43.7,47.27,22.55,-100.69,-117.46,30.13,-57.19,14.82
9.871173999272287,-43.7,47.27,22.55,-100.69,-117.46,30.13,-57.19,14.82
10.913123001955682,-43.7,47.27,22.55,-100.69,-117.46,30.13,-57.19,14.82
0.2993220005009789,-43.7,47.27,22.55,-100.69,-117.46,30.13,-57.19,14.82
18.61913500033552,-43.7,47.27,22.55,-100.69,-117.46,30.13,-57.19,14.82
10.043190999567742,-43.7,47.27,22.55,-100.69,-117.46,30.13,-57.79,14.82
0.290856998617528,-43.7,47.27,22.55,-101.33,-117.46,30.13,-57.79,14.82
19.757059999392368,-43.7,47.27,22.55,-101.33,-117.46,30.13,-57.79,14.82
9.983160001866054,-43.7,47.27,22.55,-100.65,-117.46,30.13,-57.06,14.82
0.329325001075631,-43.7,47.27,22.55,-100.65,-117.46,30.13,-57.06,14.82
19.691104997036746,-43.7,47.27,22.55,-100.65,-117.46,30.13,-57.06,14.27
19.927070999983698,-44.25,47.85,22.55,-100.65,-117.46,30.13,-57.06,14.27
0.3591860004235059,-44.25,47.85,22.55,-100.65,-117.46,30.13,-57.06,14.81
19.684582002810203,-43.63,47.29,22.55,-100.65,-117.46,30.13,-57.06,14.81
0.2987420011777431,-43.63,47.29,22.55,-100.65,-117.46,30.13,-57.06,14.81
9.636494000005769,-43.63,47.29,22.55,-100.65,-117.46,30.13,-57.06,14.27
0.1438369981769938,-43.63,47.29,22.55,-100.65,-117.46,30.13,-57.06,14.27
28.54338299948722,-43.63,47.29,22.55,-100.65,-117.46,30.13,-57.06,14.27
13.460617999953683,-43.63,47.29,22.55,-100.65,-117.46,30.13,-57.06,14.27
0.5016650029574521,-43.63,47.29,22.55,-100.65,-117.46,30.13,-57.06,14.27
11.33937499980675,-43.63,47.29,22.55,-100.65,-117.46,30.13,-57.06,15.09
16.051497997978004,-43.63,47.29,22.55,-100.65,-117.46,30.13,-57.06,15.09
0.2725390004343353,-43.63,47.29,22.55,-100.65,-117.46,30.13,-57.06,15.09
19.70126599917421,-43.63,47.29,22.55,-100.65,-117.46,30.13,-57.06,15.09
0.36117899799137376,-43.63,47.29,22.55,-101.41,-117.46,30.13,-57.06,15.09
20.427444000233663,-43.63,47.29,22.55,-101.41,-117.46,30.13,-57.06,15.09
0.3195390017936006,-43.63,47.29,22.55,-101.41,-117.46,30.13,-57.06,14.46
8.891512999980478,-43.63,47.29,22.55,-101.41,-117.46,30.13,-57.06,14.46
0.29203899975982495,-43.63,47.29,22.55,-101.41,-117.46,30.13,-57.06,14.46
19.691163000970846,-43.63,47.29,22.55,-101.41,-117.46,30.13,-57.06,14.46
10.002077000535792,-43.63,47.29,22.55,-100.78,-117.46,30.13,-57.06,14.46
0.29064699992886744,-43.63,47.29,22.55,-100.78,-116.92,30.13,-57.06,14.46
19.63962499939953,-43.63,47.29,22.55,-100.78,-116.92,30.13,-57.06,14.46
10.080353000375908,-43.63,47.29,22.55,-100.78,-116.92,30.13,-57.06,14.46
0.20616300025722012,-43.63,47.29,22.55,-100.78,-116.92,30.13,-57.06,14.46
19.784460000664694,-43.63,47.29,22.55,-100.78,-116.92,30.13,-57.06,14.46
10.020284997153794,-43.63,47.29,22.55,-100.78,-116.92,30.13,-57.06,14.46
0.2023050001298543,-43.63,47.29,22.55,-100.78,-116.92,30.13,-57.06,-78.77
19.735421003133524,-43.63,47.29,22.55,-100.78,-116.92,30.13,-57.06,-206.09
10.090122999827145,-43.63,47.29,22.55,-100.27,-117.45,30.13,-57.62,-141.93
0.20856300034211017,-43.63,47.29,22.55,-100.27,-117.45,30.13,-57.62,-0.28
19.765690998610808,-43.63,47.29,22.55,-101.08,-117.45,30.13,-57.62,39.66
19.97754799958784,-43.63,47.29,22.55,-101.08,-117.45,30.13,-57.62,26.72
0.2779930000542663,-43.63,47.29,22.55,-101.08,-117.45,29.58,-57.62,11.6
9.63928599958308,-43.63,47.29,22.55,-101.08,-117.45,29.58,-57.62,3.71
20.03996500206995,-43.63,47.29,22.55,-101.08,-117.45,29.58,-57.62,3.71
0.33745099790394306,-43.63,47.29,22.55,-100.41,-117.45,29.58,-57.62,10.15
19.68886500253575,-43.63,47.29,22.55,-100.41,-117.45,29.58,-57.62,15.18
0.27900300119654275,-43.63,47.29,22.55,-100.41,-117.45,29.58,-57.62,15.9
9.676223999122158,-43.63,47.29,22.55,-100.41,-117.45,29.58,-57.62,15.1
0.20094299907214008,-43.63,47.29,22.55,-100.41,-117.45,29.58,-57.0,14.55
19.831792000331916,-43.63,47.29,22.55,-100.41,-117.45,29.58,-57.0,14.55
20.031600000947947,-43.63,47.29,22.55,-100.41,-117.45,29.58,-57.0,14.55
0.28329800261417404,-43.63,47.29,22.55,-100.41,-117.45,29.58,-57.0,14.55
9.654322999267606,-43.63,47.29,22.55,-100.41,-117.45,29.58,-57.0,14.55
0.1954729996214155,-43.63,47.29,22.55,-100.41,-117.45,29.58,-57.0,14.55
19.820441000774736,-43.63,47.29,22.55,-100.41,-117.45,29.58,-57.0,14.55
19.9851720026345,-43.63,47.29,22.55,-100.41,-117.45,29.58,-57.0,14.55
0.22984699899097905,-43.63,47.29,22.55,-100.41,-117.45,29.58,-57.0,14.55
9.766095998202218,-43.63,47.29,22.55,-100.41,-117.45,29.58,-57.0,14.55
0.19730499843717553,-43.63,47.29,22.55,-100.41,-117.45,29.58,-57.0,14.55
20.10670199888409,-43.63,47.29,22.55,-100.41,-117.45,29.58,-57.0,14.55
19.82189300179016,-43.63,47.29,22.55,-99.89,-117.45,29.58,-57.0,14.55
0.3917419999197591,-43.63,47.29,22.55,-100.43,-117.45,29.58,-57.0,14.55
9.507959002803545,-43.63,47.29,22.55,-100.43,-117.45,29.58,-57.0,14.55
9.988539000914898,-43.63,47.29,22.55,-100.43,-117.45,29.58,-57.0,14.55
19.80486899992684,-43.63,47.29,22.55,-100.43,-117.45,29.58,-57.0,14.55
0.3522299994074274,-44.21,47.29,22.55,-100.43,-117.45,29.58,-57.0,14.55
19.828868000331568,-44.21,47.29,22.55,-100.43,-117.45,29.58,-57.0,14.55
0.22794600226916373,-44.21,47.29,22.55,-100.43,-117.45,29.58,-57.0,14.55
9.677158999693347,-43.66,47.29,22.55,-100.43,-117.45,29.58,-57.0,14.55
0.24892700093914755,-43.66,47.29,22.55,-100.43,-117.45,29.58,-57.0,14.55
9.926333998009795,-43.66,47.29,22.55,-100.43,-117.45,30.2,-57.0,14.55
19.849340002110694,-43.66,47.29,22.55,-100.43,-117.45,30.2,-57.0,14.55
9.992023999075172,-43.66,47.29,22.55,-100.43,-117.45,30.2,-57.0,14.55
20.436581002286403,-43.66,47.29,22.55,-100.43,-117.45,30.2,-57.0,14.55
0.3677159984363243,-43.66,47.29,22.55,-100.43,-117.45,29.64,-57.0,14.55
9.320307999587385,-43.66,47.29,22.55,-100.43,-117.45,29.64,-57.0,14.55
0.29662399902008474,-43.66,47.29,22.55,-100.43,-117.45,29.64,-57.0,14.55
19.6226200023375,-43.66,47.29,22.55,-100.43,-117.45,29.64,-57.0,14.55
9.93670399839175,-43.66,47.29,22.55,-101.2,-117.45,29.64,-57.0,14.55
20.050011000421364,-43.66,47.29,22.55,-101.2,-117.45,29.64,-57.0,14.55
0.31826899794396013,-43.66,47.29,22.55,-101.2,-117.45,30.15,-57.0,14.55
9.673747998022009,-43.66,47.29,22.55,-101.2,-117.45,30.15,-57.0,14.55
0.2192310021200683,-43.66,47.29,22.55,-101.2,-117.45,30.15,-57.0,14.55
19.864612997480435,-43.66,47.29,22.55,-100.64,-117.45,30.15,-57.0,14.55
9.948284998245072,-43.66,47.29,22.55,-100.64,-117.45,30.15,-57.0,14.55
0.35614399894257076,-43.66,47.29,22.55,-100.64,-117.45,30.15,-57.0,14.55
19.681289999425644,-43.66,47.29,22.55,-100.64,-117.45,30.15,-57.0,14.55
9.943867000401951,-43.66,47.29,22.55,-100.64,-117.45,30.15,-57.0,14.55
0.27861799753736705,-43.66,47.29,22.55,-100.64,-117.45,30.15,-57.0,14.55
19.72694900177885,-43.66,47.29,22.55,-100.64,-117.45,30.15,-57.0,14.55
9.970598999643698,-43.66,47.29,22.55,-100.64,-117.45,30.15,-57.0,14.55
0.2581959997769445,-43.66,47.29,22.55,-100.64,-117.45,30.15,-57.0,-81.45
19.815642001049127,-43.66,47.29,22.55,-100.64,-117.45,30.15,-57.0,-215.95
9.956939000403509,-43.66,47.29,22.55,-100.64,-117.45,30.15,-57.0,-153.06
0.19239599714637734,-43.66,47.29,22.55,-100.64,-117.45,30.15,-57.0,-7.2
19.864824000251247,-43.66,47.29,22.55,-100.64,-117.45,29.62,-57.0,34.39
19.942055001592962,-43.66,47.29,22.55,-100.64,-117.45,29.62,-57.0,23.57
0.23449500076822005,-43.66,47.29,22.05,-100.64,-117.45,29.62,-57.0,13.74
19.731066000531428,-43.66,47.29,22.05,-100.64,-117.45,29.62,-57.0,12.28
0.37234300179989077,-43.66,47.29,22.05,-100.64,-117.45,29.62,-57.0,13.73
9.681049999926472,-43.66,47.29,22.05,-100.64,-117.45,29.62,-57.0,14.52
0.22545700267073698,-43.66,47.29,22.6,-100.64,-117.45,29.62,-57.0,14.52
19.66954100134899,-43.66,47.29,22.6,-100.64,-117.45,29.62,-57.0,14.52
10.054816000774736,-43.66,47.29,22.6,-100.64,-117.45,29.62,-57.0,14.52
0.19224999778089114,-43.66,47.29,22.6,-100.64,-117.45,29.62,-57.0,14.52
19.819070999801625,-43.66,47.29,22.6,-100.64,-117.45,29.62,-57.0,14.52
19.998375999421114,-43.66,47.29,22.6,-100.64,-117.45,29.62,-57.0,14.52
0.20088800010853447,-43.66,47.29,22.6,-100.64,-117.45,29.62,-57.53,14.52
9.777813000255264,-43.66,47.29,22.6,-100.64,-117.45,29.62,-57.53,14.52
20.075537002412602,-43.66,47.29,22.6,-100.64,-117.45,29.62,-57.53,14.52
0.2953039984276984,-43.66,47.29,22.6,-100.64,-117.45,29.62,-57.53,14.52
9.66331399831688,-43.66,47.29,22.6,-100.64,-117.45,29.62,-57.53,14.52
9.989788999519078,-43.66,47.29,22.6,-100.64,-117.45,30.19,-57.53,14.52
0.24204899818869308,-43.66,47.29,22.6,-100.64,-117.45,30.19,-57.53,14.52
9.593241000402486,-43.66,47.29,22.6,-100.64,-117.45,30.19,-57.53,14.52
11.249416002101498,-43.66,47.29,22.6,-100.1,-117.45,30.19,-57.53,14.52
19.061187998886453,-43.66,47.29,22.6,-100.1,-117.45,30.19,-57.53,14.52
19.76211900182534,-43.66,47.29,22.6,-100.1,-117.45,30.19,-57.53,14.52
0.310913997964235,-43.66,47.29,22.6,-100.1,-117.45,30.19,-57.53,14.52
19.584950001444668,-43.66,47.29,22.6,-100.1,-117.45,30.19,-57.53,14.52
0.3737820006790571,-43.66,47.29,22.6,-100.1,-117.45,30.19,-57.01,14.52
9.944011999323266,-43.66,47.29,22.6,-100.1,-117.45,30.19,-57.01,14.52
0.26264199914294295,-43.66,47.29,22.6,-100.1,-117.45,30.19,-57.01,14.52
19.53400900310953,-43.66,47.29,22.6,-100.1,-117.45,30.19,-57.01,14.52
10.219979001703905,-43.66,47.29,22.06,-100.1,-117.45,30.19,-57.01,14.52
0.2738190014497377,-43.66,47.29,22.06,-100.7,-117.45,30.19,-57.01,13.91
19.63882799827843,-43.66,47.29,22.06,-100.7,-116.95,30.19,-57.01,13.91
19.822521000605775,-43.66,47.29,22.06,-100.7,-116.95,30.19,-57.65,13.91
0.3022800010512583,-43.66,47.29,22.06,-100.7,-116.95,30.19,-57.65,13.91
9.80234500093502,-43.66,47.29,22.06,-100.7,-116.95,30.19,-57.65,13.91
9.94508300209418,-43.66,47.29,22.6,-100.7,-116.95,30.19,-57.65,14.46
0.22191200332599692,-43.66,47.29,22.6,-100.15,-116.95,30.19,-57.65,14.46
19.658836001326563,-43.66,47.29,22.6,-100.15,-116.95,30.19,-57.65,14.46
20.21939999758615,-43.66,47.29,22.6,-100.85,-116.95,30.19,-57.65,14.46
0.39217200173879974,-43.66,47.29,22.04,-100.85,-116.95,30.19,-57.14,14.46
9.348629999294644,-43.66,47.29,22.04,-100.85,-116.95,30.19,-57.14,14.46
0.28791899967473,-43.66,47.29,22.04,-100.85,-116.95,30.19,-57.14,14.97
19.847584000672214,-43.66,47.29,22.04,-100.85,-116.95,30.19,-57.14,14.97
9.937671999068698,-43.66,47.29,22.04,-100.85,-116.95,30.19,-57.14,14.97
20.000075997813838,-43.66,47.29,22.04,-100.85,-116.95,30.19,-57.14,14.97
0.20570199922076426,-43.66,47.29,22.04,-100.85,-116.95,30.19,-57.14,14.97
9.950997999112587,-43.66,47.29,22.04,-100.85,-116.95,29.57,-57.14,14.43
9.92050599961658,-43.66,47.29,22.04,-100.85,-116.95,29.57,-57.14,14.43
0.24398599998676218,-43.66,47.29,22.04,-100.85,-116.95,29.57,-57.14,14.43
19.784975000220584,-43.66,47.29,22.04,-100.85,-116.95,29.57,-57.14,14.43
9.873306000372395,-43.66,47.29,22.04,-100.21,-116.95,29.57,-57.14,11.86
0.17862100139609538,-43.66,47.29,22.04,-99.7,-116.95,29.57,-57.14,5.99
9.854320000158623,-43.66,47.29,22.04,-99.7,-116.95,29.57,-57.14,4.61
9.978868998587132,-43.66,47.29,22.04,-100.78,-116.95,30.09,-57.14,10.32
20.045518002007157,-43.66,47.29,22.04,-100.78,-116.95,30.09,-57.14,15.01
10.013728999183513,-43.66,47.29,22.04,-100.78,-116.95,30.09,-57.14,15.01
10.015785999712534,-43.66,47.29,22.04,-100.78,-116.95,30.09,-57.14,15.01
0.2552029982325621,-43.66,47.29,22.04,-100.78,-116.95,30.09,-57.14,14.34
19.744266999623505,-43.66,47.29,22.04,-100.78,-116.95,30.09,-57.14,14.34
9.990616999857593,-43.66,47.29,22.04,-100.78,-116.95,30.09,-57.14,14.34
0.2435610003885813,-43.66,47.29,22.04,-100.78,-116.95,30.09,-57.14,14.34
19.80347599965171,-43.66,47.29,22.04,-100.78,-116.95,30.09,-57.14,14.34
19.981372999609448,-43.66,47.29,22.57,-100.78,-116.95,29.57,-57.14,14.34
0.19125300241285004,-43.66,47.29,22.57,-100.78,-116.95,29.57,-57.14,14.34
10.707309000281384,-43.66,47.29,22.57,-100.78,-116.95,29.57,-57.14,14.34
0.1986559982469771,-43.66,47.29,22.57,-100.17,-116.95,29.57,-57.14,14.34
19.886992002284387,-43.66,47.29,22.57,-100.17,-116.95,29.57,-57.14,14.34
19.069785997999134,-43.66,47.29,22.57,-100.17,-116.95,29.57,-57.14,14.34
0.19281400091131218,-43.66,47.29,22.57,-100.77,-116.95,29.57,-57.14,14.34
19.697216001077322,-43.66,47.29,22.57,-100.77,-116.95,29.57,-57.14,14.34
0.2306790011061821,-43.66,47.29,22.57,-100.77,-116.95,29.57,-57.14,14.34
19.848091000312706,-43.66,47.29,22.57,-100.77,-117.53,29.57,-57.14,14.34
0.28972500149393454,-43.66,47.29,22.57,-100.77,-117.53,29.57,-57.14,14.34
9.614729999157134,-43.66,47.29,22.57,-100.77,-117.53,29.57,-57.14,14.34
0.16932500147959217,-43.66,47.29,22.57,-100.15,-117.53,29.57,-57.14,14.34
9.89987499997369,-43.66,47.29,22.57,-100.15,-117.53,30.12,-57.14,14.34
9.936081001796992,-43.66,47.29,22.57,-100.15,-117.53,30.12,-57.14,14.34
20.111489000555594,-43.66,47.29,22.57,-100.15,-117.53,30.12,-57.14,14.34
19.955264000600437,-43.66,47.29,22.57,-100.15,-117.53,30.12,-57.14,14.34
0.30374199923244305,-43.66,47.29,22.57,-100.15,-117.53,30.12,-57.14,14.34
19.651514001452597,-43.66,47.29,22.57,-100.15,-117.53,30.12,-57.14,14.34
0.23863599926698953,-43.66,47.29,22.57,-100.15,-117.53,30.12,-57.14,14.34
9.845447002589935,-43.66,47.29,22.57,-100.15,-117.53,30.12,-57.14,14.34
0.21966100030113012,-43.66,47.29,22.57,-101.56,-117.53,30.12,-57.14,14.34
19.72118099729414,-43.66,47.29,22.57,-101.56,-117.53,30.12,-57.14,14.34
9.915442999044899,-43.66,47.29,22.57,-99.99,-117.53,30.12,-57.14,14.34
20.11558600133867,-43.66,47.29,22.57,-99.99,-117.53,30.12,-57.14,14.34
0.2886000002035871,-43.66,47.29,22.57,-99.99,-117.53,30.12,-57.14,14.34
19.71111899911193,-43.66,47.29,22.57,-100.67,-117.53,29.62,-57.14,14.34
0.24539999867556617,-43.66,47.29,22.57,-100.67,-117.53,29.62,-57.14,14.34
19.70794600129011,-43.66,47.29,22.57,-100.67,-117.53,29.62,-57.14,14.34
0.2830599987646565,-43.66,47.29,22.57,-100.67,-117.53,30.27,-57.14,14.34
19.750187999306945,-43.66,47.29,22.57,-100.67,-117.53,30.27,-57.14,14.34
0.18943800023407675,-43.66,47.29,22.57,-100.67,-117.53,30.27,-57.14,14.34
9.7365820001869,-43.66,47.29,22.57,-100.67,-117.53,30.27,-57.14,14.34
20.01289400141104,-43.66,47.29,22.57,-100.67,-117.53,30.27,-57.14,14.34
0.21690799985663034,-43.66,47.29,22.57,-100.67,-117.53,30.27,-57.14,14.34
9.837564997724257,-43.66,47.29,22.57,-100.67,-117.53,30.27,-57.14,14.34
9.85842599766329,-43.66,47.29,22.57,-100.67,-117.53,30.27,-57.14,14.34
0.16001499898266047,-43.66,47.29,22.57,-100.67,-117.53,30.27,-57.14,14.34
9.984763000829844,-43.66,47.29,22.57,-100.67,-117.53,30.27,-57.14,14.34
9.866102998785209,-43.66,47.29,22.57,-100.67,-117.53,30.27,-57.14,14.34
10.158682998735458,-43.66,47.29,22.57,-100.67,-117.53,30.27,-57.14,14.84
9.902621000946965,-44.25,47.29,22.57,-100.67,-117.53,30.27,-57.14,14.84
20.006042999739293,-44.25,47.29,22.57,-100.67,-117.53,30.27,-57.14,14.84
19.960837002145126,-44.25,47.29,22.57,-100.67,-117.53,30.27,-57.14,14.33
0.31712700001662597,-44.25,47.29,22.57,-100.67,-117.53,30.27,-57.14,14.33
19.631645001936704,-44.25,47.29,22.57,-100.67,-117.53,30.27,-57.14,14.33
0.23925300047267228,-44.25,47.29,22.57,-100.67,-117.53,30.27,-57.14,14.33
10.809898001753027,-44.25,47.29,22.57,-100.67,-117.53,30.27,-57.14,14.33
0.22205799905350432,-44.25,47.29,22.57,-100.67,-117.53,30.27,-57.14,14.33
18.765321998216677,-44.25,47.29,22.57,-100.67,-117.53,30.27,-57.14,14.33
19.928974001231836,-44.25,47.29,22.57,-100.67,-117.53,30.27,-57.14,14.33
0.19359900034032762,-44.25,47.29,22.57,-100.67,-117.53,30.27,-57.14,14.33
10.017390999564668,-44.25,47.29,22.57,-100.67,-117.53,30.27,-57.14,14.33
0.21691800066037104,-44.25,47.29,22.57,-100.67,-117.53,30.27,-57.14,14.33
19.618924001406413,-44.25,47.29,22.57,-100.67,-117.53,30.27,-57.14,14.33
20.032362001074944,-44.25,47.29,22.57,-100.67,-117.53,30.27,-57.14,14.33
0.17698499868856743,-44.25,47.29,22.57,-100.67,-117.53,30.27,-57.14,14.33
9.898760999931255,-44.25,47.29,22.57,-100.67,-117.53,29.73,-57.14,14.33
0.18397500025457703,-44.25,47.29,22.57,-101.26,-117.53,29.73,-57.14,14.33
19.645836000563577,-43.72,47.29,22.57,-101.26,-117.53,29.73,-57.14,14.33
10.08194699898013,-43.72,47.29,22.57,-101.26,-117.53,29.73,-57.14,14.33
0.2769050006463658,-43.72,47.29,22.57,-101.26,-117.53,29.73,-57.14,14.33
19.68481500080088,-43.72,47.29,22.57,-101.26,-117.53,29.73,-57.14,14.33
10.90645099975518,-44.24,47.29,22.57,-101.26,-117.53,29.73,-57.14,14.33
0.3125399998680223,-44.24,47.29,22.57,-100.4,-117.53,29.73,-57.14,14.33
18.755473000055645,-44.24,47.29,22.57,-100.4,-117.53,29.73,-57.14,14.33
20.89518099819543,-43.08,47.29,22.57,-99.89,-117.53,29.73,-57.14,14.33
0.4124590013816487,-42.08,47.29,22.57,-99.89,-117.53,29.73,-57.14,14.33
8.657603997562546,-42.08,47.29,22.57,-99.89,-117.53,29.73,-57.14,14.33
0.20686900097643957,-43.43,47.29,22.57,-100.39,-117.53,29.73,-57.14,14.33
19.862301996909082,-43.43,47.29,22.57,-100.39,-117.53,29.73,-57.14,14.33
19.95547499973327,-43.43,47.29,22.57,-101.0,-117.53,29.73,-57.14,14.33
0.4241009992256295,-43.43,47.29,22.57,-101.0,-117.53,29.73,-57.14,14.33
19.586389997130027,-44.0,47.29,22.57,-101.0,-117.53,29.73,-57.71,14.33
0.28550099887070246,-44.0,47.29,22.57,-100.43,-117.53,29.73,-57.71,14.33
9.721644000819651,-44.0,47.29,22.57,-100.43,-117.53,29.73,-57.71,14.33
0.3116170009889174,-44.0,47.29,22.57,-100.43,-117.53,29.73,-57.71,14.33
9.588418000930687,-44.0,47.29,22.57,-100.43,-117.53,29.73,-57.71,14.33
10.015682997618569,-44.0,47.29,22.57,-100.43,-117.53,29.73,-57.71,14.33
20.07611699809786,-44.0,47.29,22.57,-100.43,-117.53,29.73,-57.71,14.33
10.123172000021441,-44.0,47.29,22.57,-100.43,-117.53,29.73,-57.18,14.33
0.1893700027721934,-44.0,47.29,22.57,-100.43,-117.53,29.73,-57.18,14.33
20.186489997286117,-44.0,47.29,22.57,-100.43,-117.53,29.73,-57.18,14.33
9.446041000046534,-44.0,47.29,22.57,-100.43,-117.53,29.73,-57.18,14.96
0.3842450023512356,-44.0,47.29,22.57,-100.43,-117.53,29.73,-57.18,14.96
19.781749997491715,-44.0,47.29,22.57,-100.43,-117.53,29.73,-57.18,14.96
19.879104998835828,-44.0,47.29,22.57,-100.43,-117.53,29.73,-57.18,14.37
0.21877000108361244,-44.0,47.29,22.57,-100.43,-117.53,30.34,-57.18,14.37
20.914401997288223,-44.0,47.29,22.57,-100.43,-117.53,30.34,-57.18,14.37
0.345761000062339,-44.0,47.29,22.57,-100.43,-117.53,30.34,-57.18,14.37
8.478427000227384,-44.0,47.29,22.57,-100.43,-117.53,30.34,-57.18,14.37
0.33062900183722377,-43.49,47.29,22.57,-100.43,-117.53,30.34,-57.18,14.37
10.73765300316154,-43.49,47.29,22.57,-100.43,-117.53,30.34,-57.18,14.37
19.08191400070791,-43.49,47.29,22.57,-100.43,-117.53,30.34,-57.18,14.37
9.98982300006901,-44.0,47.29,22.57,-100.43,-117.53,30.34,-57.18,14.37
0.3018160023202654,-44.0,47.29,22.57,-100.43,-117.53,30.34,-57.18,14.37
19.599464001657907,-44.0,47.29,22.57,-100.43,-117.53,30.34,-57.18,14.37
9.853226998529863,-44.0,47.29,22.57,-100.43,-117.53,30.34,-57.18,14.37
0.2418670010229107,-44.0,47.29,22.57,-100.43,-117.53,30.34,-57.18,14.37
19.99538299787673,-44.0,47.29,22.57,-100.43,-117.53,29.8,-57.18,14.37
9.949324001354398,-44.0,47.29,22.57,-100.43,-117.53,29.8,-57.18,14.37
0.35239300268585794,-44.0,47.29,22.57,-101.14,-117.53,29.8,-57.18,11.82
9.597955999197438,-44.0,47.29,22.57,-101.14,-117.53,29.8,-57.18,8.06
20.01958300024853,-44.0,47.29,22.57,-101.14,-117.53,29.8,-57.18,9.62
20.06992499809712,-44.0,47.29,22.57,-100.51,-117.53,29.8,-57.18,13.47
0.34194099862361327,-44.0,47.29,22.57,-100.51,-117.53,29.8,-57.18,14.65
20.077943001524545,-44.0,47.29,22.57,-100.51,-117.53,29.8,-57.18,14.65
0.5613539979094639,-44.0,47.29,22.03,-100.51,-117.53,29.8,-57.18,14.65
9.004538002045592,-44.0,47.29,22.03,-100.51,-117.53,29.8,-57.18,14.65
0.2051190022029914,-44.0,47.29,22.03,-100.51,-117.53,29.8,-57.18,14.65
19.787295001151506,-44.0,47.29,22.03,-100.51,-117.53,29.8,-57.18,14.65
9.900526998535497,-44.0,47.29,22.03,-100.51,-117.53,29.8,-57.18,14.65
0.3071099999942817,-43.49,47.29,22.03,-100.51,-118.11,29.8,-57.18,14.65
19.726865000848193,-43.49,47.29,22.03,-100.51,-118.11,29.8,-57.18,14.65
10.002147999330191,-44.16,47.29,22.03,-100.51,-118.11,29.8,-57.18,14.65
0.27321000015945174,-44.16,47.29,22.03,-100.51,-118.11,29.8,-57.18,14.65
19.788747998973122,-44.16,47.29,22.03,-100.51,-118.11,29.8,-57.18,14.65
9.78975299949525,-44.16,47.29,22.03,-100.51,-117.59,29.8,-57.18,14.65
0.2987520019814838,-44.16,47.29,22.03,-100.51,-117.59,29.8,-57.18,14.65
19.882014999893727,-44.16,47.29,22.03,-100.51,-117.59,29.8,-57.18,14.65
9.933776997058885,-44.16,47.29,22.03,-100.51,-117.59,29.8,-57.18,14.65
0.1775070013536606,-44.16,47.29,22.03,-100.51,-117.59,29.8,-57.18,14.65
19.783595998887904,-44.16,47.29,22.03,-100.51,-117.59,29.8,-57.18,14.65
10.063055000500754,-44.16,47.29,22.03,-100.51,-117.59,29.8,-57.18,14.65
0.15983200137270615,-44.16,47.29,22.55,-100.51,-117.59,29.8,-57.18,14.65
19.888068000000203,-44.16,47.29,22.55,-100.51,-117.59,29.8,-57.18,14.65
9.9813120032195,-44.16,47.29,22.55,-100.51,-117.59,29.8,-57.18,14.65
20.009215997561114,-43.59,47.29,22.55,-100.51,-117.59,29.8,-57.18,14.65
0.25045099755516276,-43.59,47.29,22.55,-100.51,-117.59,29.8,-57.18,14.65
9.534697997878538,-43.59,47.29,22.55,-100.51,-117.59,29.8,-57.18,14.65
0.27092500022263266,-43.59,47.29,22.55,-100.51,-117.59,29.8,-57.18,14.12
9.852744999079732,-43.59,47.29,22.55,-100.51,-117.59,29.8,-57.18,14.12
20.082972001546295,-43.59,47.29,22.55,-100.51,-117.59,29.8,-57.18,14.12
19.984206002845895,-43.59,47.29,22.55,-100.51,-117.59,29.8,-57.18,14.12
0.28678099988610484,-43.59,47.29,22.55,-99.81,-117.59,29.8,-57.18,14.12
19.57995100019616,-43.59,47.29,22.55,-99.81,-117.59,29.8,-57.18,14.12
0.2782440024020616,-43.59,47.29,22.55,-99.81,-117.59,29.8,-57.18,14.12
9.920746000716463,-43.59,47.29,22.55,-99.81,-117.59,29.8,-57.18,14.12
0.30346600033226423,-43.59,47.29,22.55,-99.81,-117.59,29.8,-57.18,14.12
19.66136699775234,-43.59,47.29,22.55,-100.36,-117.59,29.8,-57.18,14.12
20.1192969980184,-43.59,47.29,22.55,-100.36,-117.59,29.8,-57.18,14.81
0.24317100178450346,-43.59,47.29,22.55,-100.36,-117.59,29.8,-57.18,14.81
9.750974000780843,-43.59,47.29,22.55,-100.36,-117.59,29.8,-57.18,14.81
19.785167001828086,-43.59,47.29,22.55,-100.36,-117.59,29.8,-57.18,14.81
0.33684300069580786,-43.59,47.29,22.55,-100.36,-117.59,29.8,-57.18,14.81
19.61898000081419,-43.59,47.29,22.55,-100.36,-117.59,29.8,-57.18,14.81
0.27926999973715283,-43.59,47.29,22.55,-100.36,-117.59,29.8,-57.18,14.12
9.709115998703055,-43.59,47.29,22.55,-100.36,-117.59,29.8,-57.18,14.12
0.30974300170782954,-43.59,47.29,22.55,-100.36,-117.59,29.8,-57.18,14.12
19.764011001825565,-43.59,47.29,22.55,-100.36,-117.59,29.8,-57.18,14.12
9.963852000510087,-43.59,47.29,22.55,-100.36,-117.59,29.8,-57.18,14.12
19.88988399898517,-43.59,47.29,22.55,-100.36,-117.59,29.8,-57.18,14.69
0.30694700035382994,-43.59,47.29,22.55,-100.36,-117.59,29.8,-57.18,14.69
9.771716999239288,-43.59,47.29,22.55,-100.36,-117.59,29.8,-57.18,14.69
0.31932300043990836,-43.59,47.29,22.55,-100.36,-117.59,29.8,-57.18,14.69
19.745015000808053,-43.59,47.29,22.55,-100.36,-117.59,29.8,-57.18,14.69
19.794578998698853,-43.59,47.29,22.55,-100.36,-117.59,29.8,-57.18,14.69
0.31670500175096095,-43.59,47.29,22.55,-100.36,-117.59,29.8,-57.18,14.69
9.70283500282676,-43.59,47.29,22.55,-100.36,-117.59,29.8,-57.18,14.69
0.2925410008174367,-43.59,47.29,22.55,-100.36,-117.59,29.8,-57.18,14.69
19.86661499904585,-43.59,47.29,22.55,-100.36,-117.59,29.8,-57.18,14.69
9.8703879993991,-43.59,47.29,22.55,-100.36,-117.59,29.8,-57.18,14.69
0.26558600075077266,-43.59,47.29,22.55,-100.36,-117.59,29.8,-57.18,14.69
19.874546000210103,-43.59,47.29,22.55,-99.79,-117.59,29.8,-57.18,14.69
10.035309998784214,-43.59,47.29,22.55,-99.79,-117.59,29.8,-57.18,14.69
0.25878999804263003,-43.59,47.29,22.55,-100.4,-117.59,29.8,-57.18,14.69
19.717234001291217,-43.59,47.29,22.55,-100.4,-117.59,29.8,-57.18,14.69
19.98748700134456,-43.59,47.29,22.55,-100.4,-117.59,29.8,-57.18,14.69
0.22491200070362538,-43.59,47.29,22.55,-100.92,-117.59,29.8,-57.18,14.69
19.717147002666024,-43.59,47.29,22.55,-100.92,-117.59,29.8,-57.18,14.69
0.35623900112113915,-43.59,47.29,22.55,-100.92,-117.59,29.8,-57.18,14.69
19.557575000362704,-43.59,47.29,22.55,-100.92,-117.59,29.8,-57.18,14.69
0.23755299844196998,-43.59,47.29,22.55,-100.92,-117.59,29.8,-57.18,14.69
9.741716999997152,-43.59,47.29,22.55,-100.92,-117.59,29.8,-57.18,14.69
10.058333002234576,-43.59,47.29,22.55,-100.92,-117.59,29.8,-57.18,14.69
0.18843900033971295,-43.59,47.29,22.55,-100.92,-117.59,30.33,-57.18,14.69
9.741203997691628,-43.59,47.29,22.55,-100.92,-117.59,30.33,-57.18,14.69
10.001375998399453,-43.59,47.29,22.55,-100.41,-117.59,30.33,-57.18,14.69
10.096934001921909,-43.59,47.29,22.55,-100.41,-117.59,30.33,-57.18,14.69
9.818235001148423,-43.59,47.29,22.55,-100.41,-117.59,30.33,-57.18,14.69
20.109883000259288,-43.59,47.29,22.55,-100.41,-117.59,30.33,-57.18,14.69
20.099709003261523,-43.59,47.29,22.55,-100.41,-117.59,30.33,-57.18,14.69
0.41815700024017133,-43.59,47.29,22.55,-100.41,-117.59,30.33,-57.18,14.69
9.41036799849826,-43.59,47.29,22.55,-100.41,-117.59,30.33,-57.18,14.69
0.2999759999511298,-44.18,47.29,22.55,-101.28,-117.59,30.33,-57.18,14.69
19.815182000456844,-44.18,47.29,22.55,-101.28,-117.59,30.33,-57.18,14.69
9.974956999940332,-44.18,47.29,22.55,-101.28,-117.59,30.33,-57.18,14.69
0.21157299852347933,-44.18,47.29,22.55,-100.51,-117.59,30.33,-57.18,14.69
19.844965001539094,-44.18,47.29,22.55,-100.51,-117.59,30.33,-57.18,14.69
10.001128001022153,-44.18,47.29,22.55,-100.51,-117.59,30.33,-57.18,14.69
0.29519999952754006,-44.18,47.29,22.55,-100.51,-117.59,30.33,-57.18,14.69
19.612508000136586,-44.18,47.29,22.55,-100.51,-117.59,30.33,-57.18,14.69
10.426556997117586,-44.18,47.29,22.55,-99.79,-117.59,30.33,-57.18,14.69
19.639552003354765,-44.18,47.29,22.55,-99.79,-117.59,30.33,-57.18,14.69
0.36600699968403205,-44.18,47.29,22.55,-99.79,-117.59,30.33,-57.18,14.69
9.630231998016825,-44.18,47.29,22.55,-100.31,-117.59,30.33,-57.18,14.69
10.030432997155003,-44.18,47.29,22.55,-100.31,-117.59,29.81,-57.18,14.69
0.28597699929377995,-44.18,47.29,22.55,-100.31,-117.59,29.81,-57.18,14.69
19.697921998158563,-44.18,47.29,22.55,-100.31,-117.59,29.81,-57.18,14.69
19.87070799805224,-44.18,47.29,22.55,-100.31,-117.59,29.81,-57.18,14.69
0.3128200005448889,-44.18,47.29,22.55,-100.31,-117.59,29.81,-57.18,14.69
9.754691000125604,-44.18,47.29,22.55,-100.31,-117.59,29.81,-57.18,14.69
10.055034999822965,-43.65,47.29,22.55,-100.31,-117.59,29.81,-57.18,14.69
0.3708499971253332,-43.65,47.29,22.55,-100.31,-117.59,29.81,-57.18,14.69
19.65051799925277,-43.65,47.29,22.55,-100.81,-117.59,29.81,-57.18,14.69
20.99373800228932,-44.17,46.78,22.55,-100.81,-117.59,29.81,-57.18,14.69
0.18365299911238253,-44.17,46.78,22.55,-100.81,-117.59,29.81,-57.18,15.2
8.731067999178777,-44.17,46.78,22.55,-100.81,-117.59,29.81,-57.18,15.2
0.26421200163895264,-44.17,46.78,22.55,-100.81,-117.59,29.81,-57.18,15.2
19.92337400224642,-43.59,47.48,22.55,-100.81,-117.59,29.81,-57.18,15.2
9.898462998535251,-43.59,47.48,22.55,-100.81,-117.59,29.81,-57.74,15.2
9.794980000151554,-43.59,47.48,22.55,-100.81,-117.59,29.81,-57.74,15.2
0.28442300026654266,-43.59,47.48,22.55,-100.81,-117.59,29.81,-57.74,14.53
19.808398999884957,-43.59,47.48,22.55,-101.74,-117.59,29.81,-57.17,14.53
10.11142000061227,-43.59,47.48,22.55,-101.74,-117.59,29.81,-57.17,14.53
0.28386199846863747,-43.59,47.48,22.55,-101.74,-117.59,29.81,-57.17,14.53
19.664739000290865,-43.59,47.48,22.55,-100.96,-117.59,29.81,-57.17,14.53
19.948873999965144,-44.15,47.48,22.55,-100.96,-117.59,29.81,-57.17,14.53
0.30937299743527547,-44.15,47.48,22.55,-100.96,-117.59,29.81,-57.17,14.53
9.836442000960233,-44.15,47.48,22.55,-100.96,-117.59,29.81,-57.17,14.53
0.2142470002581831,-44.15,47.48,22.55,-100.96,-117.59,29.81,-57.72,14.53
19.63929100020323,-44.15,47.48,22.55,-100.32,-116.94,29.81,-57.72,14.53
9.976339002605528,-44.15,47.48,22.55,-100.32,-116.94,29.81,-57.72,14.53
0.3320520008855965,-44.15,47.48,22.55,-101.21,-116.94,29.81,-57.72,14.53
19.846024999424117,-44.15,47.48,22.55,-101.21,-116.94,29.81,-57.72,14.53
19.942986000387464,-44.15,47.48,22.55,-101.21,-116.94,29.81,-57.72,14.53
0.18884099699789658,-44.15,47.48,22.55,-101.21,-116.94,29.81,-57.07,14.53
10.720399997808272,-44.15,47.48,22.55,-101.21,-116.94,29.81,-57.07,14.53
0.23911699827294797,-44.15,47.48,22.55,-101.21,-116.94,29.81,-57.07,14.53
