ElbowFlex,ShoulderFlex1,ShoulderFlex2,ShoulderFlex3,ForearmFlex,HandFlex1,HandFlex2,P_x,P_y,P_z,O_x,O_y,O_z
0.0,0.01,0.02,0.03,0.04,0.05,0.06,0.13565991818904877,-0.22569343447685242,-0.06487715616822243,-0.42715810518832753,0.06403171737865526,-0.90190680912246
0.0,0.01,0.02,0.03,0.04,0.05,0.06,0.1358034759759903,-0.21803629398345947,-0.08514327555894852,-0.42840437952264643,0.06931677289284957,-0.9009244544364069
0.0,0.01,0.02,0.03,0.04,0.05,0.06,0.12973536550998688,-0.22150260210037231,-0.10121181607246399,-0.3956747374577443,0.06916612944253293,-0.9157824789084381
0.0,0.01,0.02,0.03,0.04,0.05,0.06,0.12639013677835464,-0.22117504477500916,-0.11590353399515152,-0.39063083261540954,0.06574947004622458,-0.9181963623315181
0.0,0.01,0.02,0.03,0.04,0.05,0.06,0.12149505317211151,-0.2256806194782257,-0.12218478322029114,-0.37919167159526607,0.0666230877792238,-0.9229165944805359
0.0,0.01,0.02,0.03,0.04,0.05,0.06,0.11690285801887512,-0.2252625823020935,-0.13856695219874382,-0.37714905671967097,0.07296034346287708,-0.9232742698121946
0.0,0.01,0.02,0.03,0.04,0.05,0.06,0.11220653355121613,-0.22837042808532715,-0.14239178597927094,-0.3651354344800035,0.06424514068067123,-0.9287349871658868
0.0,0.01,0.02,0.03,0.04,0.05,0.06,0.11598651856184006,-0.2273542881011963,-0.08302770927548409,-0.37293285303657225,0.07241275658202437,-0.9250283670300035
0.0,0.01,0.02,0.03,0.04,0.05,0.06,0.11605555564165115,-0.23202469944953918,-0.09039384871721268,-0.3682316930452619,0.08088203527763317,-0.9262092185928446
0.0,0.01,0.02,0.03,0.04,0.05,0.06,0.10751770436763763,-0.2279754877090454,-0.14726481586694717,-0.36380747492033527,0.07656404884838257,-0.9283221787806387
0.0,0.01,0.02,0.03,0.04,0.05,0.06,0.10412245243787766,-0.22730445861816406,-0.15820573270320892,-0.3639310306383106,0.07847010218997583,-0.928114566204427
0.0,0.01,0.02,0.03,0.04,0.05,0.06,0.10264460742473602,-0.2260400652885437,-0.16960478946566582,-0.35856347722743115,0.08497235852095353,-0.929629996872928
0.0,0.01,0.02,0.03,0.04,0.05,0.06,0.10137282311916351,-0.2265843152999878,-0.15627463907003403,-0.3518338025203711,0.08554436021734316,-0.9321454488646405
0.0,0.01,0.02,0.03,0.04,0.05,0.06,0.10113685578107834,-0.22647711634635925,-0.1567184366285801,-0.35390827793782625,0.08559616764798815,-0.9313550487816448
0.0,0.01,0.02,0.03,0.04,0.05,0.06,0.1060224175453186,-0.2270788550376892,-0.11326434835791588,-0.3394885248119095,0.08300649960015648,-0.9369404797238524
0.0,0.01,0.02,0.03,0.04,0.05,0.06,0.10799571871757507,-0.22594699263572693,-0.11778363585472107,-0.32469787710788656,0.07893248957166135,-0.9425184086752106
0.0,0.01,0.02,0.03,0.04,0.05,0.06,0.11129986494779587,-0.22586071491241455,-0.1169905997812748,-0.3292256283172857,0.07415504383148028,-0.9413349643636104
0.0,0.01,0.02,0.03,0.04,0.05,0.06,0.1119982898235321,-0.2213435173034668,-0.1339421384036541,-0.3297968336381694,0.0725729648063669,-0.9412583138020356
0.0,0.01,0.02,0.03,0.04,0.05,0.06,0.11698398739099503,-0.2194409966468811,-0.13343584351241589,-0.3031266002189934,0.03788705540299872,-0.9521968469137905
0.0,0.01,0.02,0.03,0.04,0.05,0.06,0.11780139803886414,-0.2199113667011261,-0.13153307139873505,-0.2978860908904915,0.03980159030653493,-0.953771309205227
0.0,0.01,0.02,0.03,0.04,0.05,0.06,0.12162943929433823,-0.2202570140361786,-0.13482270389795303,-0.3005204709839777,0.02918036299555255,-0.9533288797340695
0.0,0.01,0.02,0.03,0.04,0.05,0.06,0.12088129669427872,-0.22107741236686707,-0.12917064875364304,-0.26022257027816376,0.054234722468790124,-0.9640242781157328
0.0,0.01,0.02,0.03,0.04,0.05,0.06,0.11936509609222412,-0.2209349274635315,-0.12614650279283524,-0.23134010943894742,0.06319345657088336,-0.9708183871411787
0.0,0.01,0.02,0.03,0.04,0.05,0.06,0.11876820772886276,-0.21415990591049194,-0.158114992082119,-0.20221886150280002,0.07577052143018555,-0.9764048136581002
0.0,0.01,0.02,0.03,0.04,0.05,0.06,0.11803697794675827,-0.213865727186203,-0.16513723880052567,-0.18588210707406339,0.08737003960013012,-0.978679885585669
0.0,0.01,0.02,0.03,0.04,0.05,0.06,0.11563235521316528,-0.21424081921577454,-0.15963923558592796,-0.18190693368571142,0.10804741082083148,-0.9773615628271742
0.0,0.01,0.02,0.03,0.04,0.05,0.06,0.11417888104915619,-0.21289685368537903,-0.1629292145371437,-0.1671718779844982,0.11697836117772278,-0.9789635469348744
0.0,0.01,0.02,0.03,0.04,0.05,0.06,0.11473139375448227,-0.2117183804512024,-0.158310417085886,-0.16071434657672026,0.1330710337663731,-0.977989263119369
0.0,0.01,0.02,0.03,0.04,0.05,0.06,0.1154106855392456,-0.21180737018585205,-0.1561410278081894,-0.15619577100600762,0.13503982489734437,-0.9784513921557542
0.0,0.01,0.02,0.03,0.04,0.05,0.06,0.12024270743131638,-0.2111530601978302,-0.14140509441494942,-0.1494002947840618,0.13386643518661215,-0.9796730727384846
0.0,0.01,0.02,0.03,0.04,0.05,0.06,0.1242339015007019,-0.21152934432029724,-0.10550640150904655,-0.11415835851454532,0.1484282824628146,-0.9823120248405816
0.0,0.01,0.02,0.03,0.04,0.05,0.06,0.1271875724196434,-0.2108171284198761,-0.11059842631220818,-0.009736862474038646,0.17727086186763086,-0.984113933974044
0.0,0.01,0.02,0.03,0.04,0.05,0.06,0.12705260515213013,-0.20893993973731995,-0.16820505633950233,0.19542157423267031,0.18332110167137394,-0.9634333303381293
0.0,0.01,0.02,0.03,0.04,0.05,0.06,0.12446784228086472,-0.2004910707473755,-0.17656165547668934,0.38312334561436334,0.18513264713331504,-0.9049543662586906
0.0,0.01,0.02,0.03,0.04,0.05,0.06,0.12153453379869461,-0.19237276911735535,-0.16620036587119102,0.42278666268512066,0.21039380786933323,-0.881468027477923
0.0,0.01,0.02,0.03,0.04,0.05,0.06,0.12037939578294754,-0.19358843564987183,-0.14167676120996475,0.6087143258907587,0.20085934218306473,-0.7675430894178813
0.0,0.01,0.02,0.03,0.04,0.05,0.06,0.11411159485578537,-0.19822514057159424,-0.12740519642829895,0.4968873284619095,0.2123357021743043,-0.8414371826798074
0.0,0.01,0.02,0.03,0.04,0.05,0.06,0.11438900977373123,-0.19784799218177795,-0.13072648365050554,0.4337124024833605,0.2120563123577993,-0.8757429259327894
0.0,0.01,0.02,0.03,0.04,0.05,0.06,0.11503945291042328,-0.19688642024993896,-0.1508974051102996,0.7090774374483632,0.15688520508765563,-0.6874563405237214
0.0,0.01,0.02,0.03,0.04,0.05,0.06,0.11504343897104263,-0.17786037921905518,-0.17972202133387327,0.9752976584203177,-0.1373414979314214,-0.17300806462647536
0.0,0.01,0.02,0.03,0.04,0.05,0.06,0.11631744354963303,-0.1782248318195343,-0.18513214029371738,0.690493142861797,0.0803296634524367,-0.7188646359576025
0.0,0.01,0.02,0.03,0.04,0.05,0.06,0.12046659737825394,-0.18060302734375,-0.17763647437095642,0.38113826665642037,0.16731557359316587,-0.9092519565683261
0.0,0.01,0.02,0.03,0.04,0.05,0.06,0.12197154760360718,-0.18204379081726074,-0.16360783763229847,-0.06254613975429912,0.13365120360774407,-0.9890527469129425
0.0,0.01,0.02,0.03,0.04,0.05,0.06,0.12249097228050232,-0.1959799826145172,-0.13981729373335838,-0.0930058870136838,0.09273745566591213,-0.991337313580706
0.0,0.01,0.02,0.03,0.04,0.05,0.06,0.12817473709583282,-0.19859996438026428,-0.12918436154723167,-0.14486940551468094,0.07539940551604848,-0.9865737605438578
0.0,0.01,0.02,0.03,0.04,0.05,0.06,0.1281040459871292,-0.19937121868133545,-0.13350241631269455,-0.2954395931166491,0.05933989737311927,-0.9535167661865294
0.0,0.01,0.02,0.03,0.04,0.05,0.06,0.1294548064470291,-0.20095211267471313,-0.1326179876923561,-0.44822616706723684,0.04878862182763087,-0.8925877959822069
0.0,0.01,0.02,0.03,0.04,0.05,0.06,0.13293103873729706,-0.210239440202713,-0.1340787559747696,-0.5700754128137121,0.004491044231226608,-0.8215800960508896
0.0,0.01,0.02,0.03,0.04,0.05,0.06,0.13647350668907166,-0.21708914637565613,-0.12863339111208916,-0.713302031432697,-0.0034620601728478423,-0.7008482190127526
0.0,0.01,0.02,0.03,0.04,0.05,0.06,0.13658128678798676,-0.22743725776672363,-0.11263026297092438,-0.8923158254433529,0.00561068258222326,-0.451376769344978
0.0,0.01,0.02,0.03,0.04,0.05,0.06,0.1360173523426056,-0.22620975971221924,-0.11352599039673805,-0.8840119285811762,-0.043054012362082617,-0.4654774561090099
0.0,0.01,0.02,0.03,0.04,0.05,0.06,0.13479351997375488,-0.22232457995414734,-0.11749403551220894,-0.8693844056667566,-0.04359728958997319,-0.492209337095375
0.0,0.01,0.02,0.03,0.04,0.05,0.06,0.13398002088069916,-0.2206299602985382,-0.1208747923374176,-0.8255416471355367,-0.0560052917351788,-0.5615553366698626
0.0,0.01,0.02,0.03,0.04,0.05,0.06,0.13368061184883118,-0.21911001205444336,-0.12355806678533554,-0.8196974823200062,-0.06430120495045748,-0.5691760646058147
0.0,0.01,0.02,0.03,0.04,0.05,0.06,0.1323821246623993,-0.21851730346679688,-0.11559478100389242,-0.8158832186091064,-0.07938697022003789,-0.5727410257274468
0.0,0.01,0.02,0.03,0.04,0.05,0.06,0.1329992115497589,-0.21651369333267212,-0.11055944953113794,-0.8191592059208949,-0.08969823902221828,-0.5665089772204516
0.0,0.01,0.02,0.03,0.04,0.05,0.06,0.13121454417705536,-0.21652743220329285,-0.1258783247321844,-0.8316219149504129,-0.07883485743471576,-0.5497181603580659
0.0,0.01,0.02,0.03,0.04,0.05,0.06,0.1306183934211731,-0.2163349688053131,-0.1298735197633505,-0.8112586147282007,-0.0785549723401194,-0.5793863791546394
0.0,0.01,0.02,0.03,0.04,0.05,0.06,0.12896959483623505,-0.21534299850463867,-0.12408787943422794,-0.8093892131855515,-0.0840820401751878,-0.5812222570573602
0.0,0.01,0.02,0.03,0.04,0.05,0.06,0.1287195384502411,-0.21560415625572205,-0.12486622296273708,-0.7685745004843623,-0.09317595718709183,-0.6329387633945973
0.0,0.01,0.02,0.03,0.04,0.05,0.06,0.12897227704524994,-0.21594664454460144,-0.1196791511029005,-0.6775698514620233,-0.11059604304527064,-0.7270953250107309
0.0,0.01,0.02,0.03,0.04,0.05,0.06,0.12842614948749542,-0.21520590782165527,-0.11316709499806166,-0.5832357063197171,-0.1579226705907959,-0.796803953922928
0.0,0.01,0.02,0.03,0.04,0.05,0.06,0.12836450338363647,-0.20681411027908325,-0.11397067923098803,-0.5336992533805087,-0.16362155365200134,-0.8296945788189729
0.0,0.01,0.02,0.03,0.04,0.05,0.06,0.12866679579019547,-0.20404121279716492,-0.11264740116894245,-0.4395465867851976,-0.16870225871798492,-0.8822348587246669
0.0,0.01,0.02,0.03,0.04,0.05,0.06,0.1272725686430931,-0.2010881006717682,-0.11232642363756895,-0.35528001851181135,-0.1998517909479722,-0.9131458646356204
0.0,0.01,0.02,0.03,0.04,0.05,0.06,0.12736372649669647,-0.1965714395046234,-0.11315411794930696,-0.31135884886334136,-0.14743905196164317,-0.9387850622965552
0.0,0.01,0.02,0.03,0.04,0.05,0.06,0.12744645774364471,-0.1988789439201355,-0.11467460915446281,-0.31177921954488724,-0.1196651349877108,-0.9425889739055694
0.0,0.01,0.02,0.03,0.04,0.05,0.06,0.13120366632938385,-0.19264516234397888,-0.14757774211466312,-0.2860854498946385,-0.13499719584206027,-0.9486468639453581
0.0,0.01,0.02,0.03,0.04,0.05,0.06,0.13359495997428894,-0.19125205278396606,-0.13357016630470753,-0.3072516536741017,-0.14513665842400303,-0.9404954926505732
0.0,0.01,0.02,0.03,0.04,0.05,0.06,0.13689285516738892,-0.19096562266349792,-0.12906270660459995,-0.30051602677044464,-0.15803834531154842,-0.9405923660466807
0.0,0.01,0.02,0.03,0.04,0.05,0.06,0.13879019021987915,-0.18541079759597778,-0.13435284793376923,-0.32139558311494665,-0.1582555150952097,-0.9336273727221976
0.0,0.01,0.02,0.03,0.04,0.05,0.06,0.13897688686847687,-0.1850341260433197,-0.1340264342725277,-0.3751997576124206,-0.15450511133416198,-0.9139766476552884
0.0,0.01,0.02,0.03,0.04,0.05,0.06,0.1398821622133255,-0.18569478392601013,-0.13354135677218437,-0.38388782155196444,-0.11699441734691081,-0.9159380147006368
0.0,0.01,0.02,0.03,0.04,0.05,0.06,0.13931021094322205,-0.19327405095100403,-0.12391611002385616,-0.41893507487403636,-0.09692174596099912,-0.9028286538431071
0.0,0.01,0.02,0.03,0.04,0.05,0.06,0.13810807466506958,-0.19685128331184387,-0.11241747625172138,-0.43657917610233943,-0.05958378264777082,-0.897690590258796
0.0,0.01,0.02,0.03,0.04,0.05,0.06,0.13531634211540222,-0.19758516550064087,-0.11168479919433594,-0.4902182294931226,-0.056815490276725826,-0.8697459902392441
0.0,0.01,0.02,0.03,0.04,0.05,0.06,0.13462957739830017,-0.21429303288459778,-0.11307355388998985,-0.4668463854670649,-0.03199723813025322,-0.8837593728659248
0.0,0.01,0.02,0.03,0.04,0.05,0.06,0.1335069090127945,-0.21210384368896484,-0.12546967715024948,-0.41539016809796137,-0.003922639472842736,-0.909634883426924
0.0,0.01,0.02,0.03,0.04,0.05,0.06,0.13264533877372742,-0.215805321931839,-0.1209104023873806,-0.3730187573025672,0.0007290948871844916,-0.9278235150722868
0.0,0.01,0.02,0.03,0.04,0.05,0.06,0.13203346729278564,-0.21876469254493713,-0.1257496401667595,-0.35768156131298456,0.011328246742102798,-0.9337749040975859
0.0,0.01,0.02,0.03,0.04,0.05,0.06,0.1293397843837738,-0.21771135926246643,-0.1310326848179102,-0.3407928908695929,0.02949793205943747,-0.9396755171531088
0.0,0.01,0.02,0.03,0.04,0.05,0.06,0.12693586945533752,-0.2169584333896637,-0.12499704770743847,-0.29501131870084546,0.04661092992408458,-0.9543561929646605
0.0,0.01,0.02,0.03,0.04,0.05,0.06,0.12586282938718796,-0.21060660481452942,-0.13036715239286423,-0.2084747009902828,0.06368036595022802,-0.975952411769886
0.0,0.01,0.02,0.03,0.04,0.05,0.06,0.12410386651754379,-0.2102857530117035,-0.12749418802559376,-0.12075476082085489,0.09354219472559076,-0.9882652202445545
0.0,0.01,0.02,0.03,0.04,0.05,0.06,0.11845932900905609,-0.20525658130645752,-0.11958302184939384,-0.09224200428966076,0.1372436729134059,-0.9862330286954825
0.0,0.01,0.02,0.03,0.04,0.05,0.06,0.11357760429382324,-0.2042635977268219,-0.10817332565784454,-0.0369350437022075,0.17950192536991197,-0.9830640169059239
0.0,0.01,0.02,0.03,0.04,0.05,0.06,0.11233728379011154,-0.20356521010398865,-0.11251124134287238,0.10850990625239361,0.2133368115227514,-0.9709340889547565
0.0,0.01,0.02,0.03,0.04,0.05,0.06,0.10876011103391647,-0.20252439379692078,-0.0950811542570591,0.1125790163538183,0.23768393025380177,-0.9647965144920002
0.0,0.01,0.02,0.03,0.04,0.05,0.06,0.10933375358581543,-0.19807076454162598,-0.0932304635643959,0.34434296283092874,0.2450668012518091,-0.9062947571695557
0.0,0.01,0.02,0.03,0.04,0.05,0.06,0.10217510163784027,-0.1987953782081604,-0.06891685535083525,0.5788013115118857,0.23275195490108713,-0.7815469079216187
0.0,0.01,0.02,0.03,0.04,0.05,0.06,0.1030130535364151,-0.19172552227973938,-0.07882460986729711,0.5766872754248404,0.2326288866892094,-0.7831446784859187
0.0,0.01,0.02,0.03,0.04,0.05,0.06,0.10208647698163986,-0.18031585216522217,-0.09043153747916222,0.5382213895521408,0.23592676494462572,-0.8091083347805323
0.0,0.01,0.02,0.03,0.04,0.05,0.06,0.09675097465515137,-0.17665615677833557,-0.106497707311064,0.7510668684411773,0.2371543115293211,-0.616162634093481
0.0,0.01,0.02,0.03,0.04,0.05,0.06,0.09478960186243057,-0.17826706171035767,-0.11915059294551611,0.4652058127346585,0.2651419503606124,-0.8445610090199858
0.0,0.01,0.02,0.03,0.04,0.05,0.06,0.0944502055644989,-0.18104520440101624,-0.11752630956470966,0.3746143658711191,0.24405952437875048,-0.8944825461924886
0.0,0.01,0.02,0.03,0.04,0.05,0.06,0.09471806138753891,-0.1815655529499054,-0.12013116851449013,0.17620612163321198,0.20882772078530265,-0.9619471844808308
0.0,0.01,0.02,0.03,0.04,0.05,0.06,0.09574472904205322,-0.18135833740234375,-0.1302659776993096,-0.0042994957950041575,0.20211615361260343,-0.9793521199164044
0.0,0.01,0.02,0.03,0.04,0.05,0.06,0.09669532626867294,-0.18956083059310913,-0.1283771200105548,-0.0918316594653936,0.21907524319663257,-0.9713768497026107
0.0,0.01,0.02,0.03,0.04,0.05,0.06,0.09680035710334778,-0.18727841973304749,-0.15085458289831877,-0.044937671044534944,0.2257314405903472,-0.9731525689480041
0.0,0.01,0.02,0.03,0.04,0.05,0.06,0.10166875272989273,-0.19793879985809326,-0.14393264893442392,-0.05248911311366597,0.19303154167419803,-0.9797875876553159
0.0,0.01,0.02,0.03,0.04,0.05,0.06,0.11466797441244125,-0.21027955412864685,-0.13744639046490192,-0.06453639696966823,0.1815601573978329,-0.9812598854084719
0.0,0.01,0.02,0.03,0.04,0.05,0.06,0.12233396619558334,-0.20874980092048645,-0.09986603283323348,-0.07130924626024292,0.15963660146149436,-0.9845969464057971
0.0,0.01,0.02,0.03,0.04,0.05,0.06,0.13515236973762512,-0.2042655050754547,-0.11438940156949684,-0.02176172482788177,0.13772112004628237,-0.9902319528401985
0.0,0.01,0.02,0.03,0.04,0.05,0.06,0.13781936466693878,-0.2033534049987793,-0.11529877537395805,-0.05497330873903387,0.10116724475162901,-0.9933494470304228
0.0,0.01,0.02,0.03,0.04,0.05,0.06,0.15551455318927765,-0.19955965876579285,-0.10523800365626812,-0.13920277265194073,0.07478001295830045,-0.9874363461752704
0.0,0.01,0.02,0.03,0.04,0.05,0.06,0.16232147812843323,-0.2015576958656311,-0.10583618911914527,-0.16177011777220734,0.055508699202252605,-0.9852660621927662
0.0,0.01,0.02,0.03,0.04,0.05,0.06,0.17048151791095734,-0.20511823892593384,-0.10216206032782793,-0.18963056414226645,0.03422171278459377,-0.9812589482482056
0.0,0.01,0.02,0.03,0.04,0.05,0.06,0.1736774742603302,-0.20638877153396606,-0.11758180148899555,-0.2728460009829039,0.025452380411169036,-0.9617209762082983
0.0,0.01,0.02,0.03,0.04,0.05,0.06,0.18040801584720612,-0.20845216512680054,-0.1319468067958951,-0.37596551420972757,0.005312283377793939,-0.9266184283567477
0.0,0.01,0.02,0.03,0.04,0.05,0.06,0.18161077797412872,-0.23186415433883667,-0.1293591447174549,-0.44948328355710004,-0.024061590540362433,-0.8929646228509814
0.0,0.01,0.02,0.03,0.04,0.05,0.06,0.18066227436065674,-0.22800904512405396,-0.1328166425228119,-0.5838815680680735,-0.07029792095134917,-0.8087895380012564
0.0,0.01,0.02,0.03,0.04,0.05,0.06,0.18628762662410736,-0.22218811511993408,-0.123719222843647,-0.6299708766656763,-0.10142525614123289,-0.7699672798046451
0.0,0.01,0.02,0.03,0.04,0.05,0.06,0.18579106032848358,-0.22061392664909363,-0.11991235055029392,-0.6478430863447516,-0.11889716692435505,-0.7524379038649426
0.0,0.01,0.02,0.03,0.04,0.05,0.06,0.18553254008293152,-0.22885632514953613,-0.09493110701441765,-0.786268183754799,-0.16251636036405645,-0.5961298313529947
0.0,0.01,0.02,0.03,0.04,0.05,0.06,0.18630145490169525,-0.2241395115852356,-0.06265730038285255,-0.6165906023251632,-0.2064552372565612,-0.7597317053629061
0.0,0.01,0.02,0.03,0.04,0.05,0.06,0.18465331196784973,-0.20724567770957947,-0.07060620561242104,-0.603480382221018,-0.2327814904424447,-0.76264290856322
0.0,0.01,0.02,0.03,0.04,0.05,0.06,0.18478475511074066,-0.20744362473487854,-0.07515794970095158,-0.6427440135650611,-0.2334263304435352,-0.7296521645838805
0.0,0.01,0.02,0.03,0.04,0.05,0.06,0.18015678226947784,-0.2051754593849182,-0.06534634716808796,-0.6567155535469881,-0.22218609321469462,-0.720664985767634
0.0,0.01,0.02,0.03,0.04,0.05,0.06,0.171821728348732,-0.2046612799167633,-0.06929950788617134,-0.705153996156546,-0.18063406081797323,-0.6856596661441176
0.0,0.01,0.02,0.03,0.04,0.05,0.06,0.16654841601848602,-0.20525652170181274,-0.0971948429942131,-0.6472204127639283,-0.10989628697586319,-0.7543398063277644
0.0,0.01,0.02,0.03,0.04,0.05,0.06,0.1616664081811905,-0.20902177691459656,-0.09736079350113869,-0.6000043934789242,-0.10337643213012226,-0.7932893804192985
0.0,0.01,0.02,0.03,0.04,0.05,0.06,0.15758299827575684,-0.2130865454673767,-0.0998612493276596,-0.5850216005868646,-0.07048682027163239,-0.8079488443056142
0.0,0.01,0.02,0.03,0.04,0.05,0.06,0.15418942272663116,-0.21752402186393738,-0.07826900109648705,-0.485254474415105,-0.049090662087923266,-0.8729938155312954
0.0,0.01,0.02,0.03,0.04,0.05,0.06,0.14890366792678833,-0.21546399593353271,-0.04913065955042839,-0.46168995631480997,-0.030950235967910654,-0.8865012504963315
0.0,0.01,0.02,0.03,0.04,0.05,0.06,0.14638885855674744,-0.21508482098579407,-0.04676958732306957,-0.4365163126006061,-0.007462180592341966,-0.89966539596362
0.0,0.01,0.02,0.03,0.04,0.05,0.06,0.14584936201572418,-0.21479904651641846,-0.038877265993505716,-0.4075940338053584,0.011285308193779433,-0.9130935031119474
0.0,0.01,0.02,0.03,0.04,0.05,0.06,0.1463066190481186,-0.2116265892982483,-0.04988568928092718,-0.3878483503611368,0.02236015933218132,-0.9214519414471839
0.0,0.01,0.02,0.03,0.04,0.05,0.06,0.14246465265750885,-0.2086487114429474,-0.0595262567512691,-0.3949206151487702,0.03578043274589122,-0.9180182287749158
0.0,0.01,0.02,0.03,0.04,0.05,0.06,0.14284692704677582,-0.20760118961334229,-0.06364930234849453,-0.3958882447295964,0.06972859274154697,-0.9156475419282262
0.0,0.01,0.02,0.03,0.04,0.05,0.06,0.14169643819332123,-0.2014203667640686,-0.08261560229584575,-0.40869954196096225,0.09441673111856973,-0.9077720888448727
0.0,0.01,0.02,0.03,0.04,0.05,0.06,0.14103896915912628,-0.20243453979492188,-0.08181285741738975,-0.3979982362092894,0.12781139956057125,-0.908439128459724
0.0,0.01,0.02,0.03,0.04,0.05,0.06,0.136427141726017,-0.20224863290786743,-0.11557849624659866,-0.39352439638642467,0.16321463467730435,-0.9047096398711878
0.0,0.01,0.02,0.03,0.04,0.05,0.06,0.1349705159664154,-0.2010202407836914,-0.11575725255534053,-0.3661677683730132,0.16799374469218786,-0.9152591256846464
0.0,0.01,0.02,0.03,0.04,0.05,0.06,0.13454724848270416,-0.18878871202468872,-0.1319145867601037,-0.3884761764663184,0.19379371743950852,-0.9008497407443073
0.0,0.01,0.02,0.03,0.04,0.05,0.06,0.1345379576086998,-0.1841081976890564,-0.12137096142396331,-0.41363346991106137,0.1719551487975307,-0.8940574810219721
0.0,0.01,0.02,0.03,0.04,0.05,0.06,0.13567741215229034,-0.1851300597190857,-0.11272625322453678,-0.3994887561977946,0.1574465660878931,-0.9031164445954185
0.0,0.01,0.02,0.03,0.04,0.05,0.06,0.13579115271568298,-0.1833595633506775,-0.13014148431830108,-0.35847883530115404,0.11009163058320205,-0.9270236013806012
0.0,0.01,0.02,0.03,0.04,0.05,0.06,0.13631324470043182,-0.18141010403633118,-0.13436902314424515,-0.4015480115515797,0.14157413509450584,-0.9048292428360253
0.0,0.01,0.02,0.03,0.04,0.05,0.06,0.13649136573076248,-0.1808214783668518,-0.13346583396196365,-0.4456630687590519,0.13226058320720344,-0.8853765115892532
0.0,0.01,0.02,0.03,0.04,0.05,0.06,0.1376064196228981,-0.17892420291900635,-0.11623539309948683,-0.450608247185532,0.11954268569500479,-0.8846817246135514
0.0,0.01,0.02,0.03,0.04,0.05,0.06,0.1393599510192871,-0.17533642053604126,-0.12560184905305505,-0.442882059832626,0.10647102587112757,-0.8902355877678447
0.0,0.01,0.02,0.03,0.04,0.05,0.06,0.1409144252538681,-0.17307475209236145,-0.12709545344114304,-0.39031313982305976,0.08507847741862627,-0.9167427695714828
0.0,0.01,0.02,0.03,0.04,0.05,0.06,0.14207427203655243,-0.18169084191322327,-0.11727363779209554,-0.37289187061755985,0.08411987127328863,-0.9240538404683476
0.0,0.01,0.02,0.03,0.04,0.05,0.06,0.1424967646598816,-0.1680516004562378,-0.11365736508741975,-0.38006862469256847,0.12178466825562036,-0.9169058485483491
0.0,0.01,0.02,0.03,0.04,0.05,0.06,0.15113550424575806,-0.16744565963745117,-0.11930823232978582,-0.35374371657773473,0.0734570923803106,-0.9324534511496013
0.0,0.01,0.02,0.03,0.04,0.05,0.06,0.15150098502635956,-0.16989153623580933,-0.11405657790601254,-0.3150869997921361,0.029094464304291082,-0.9486167269813646
0.0,0.01,0.02,0.03,0.04,0.05,0.06,0.15571492910385132,-0.17109474539756775,-0.10932039842009544,-0.29568045597638926,0.020060428333511057,-0.9550762520179583
0.0,0.01,0.02,0.03,0.04,0.05,0.06,0.15287446975708008,-0.16108661890029907,-0.11680926010012627,-0.3173703606096411,0.03077169690308831,-0.9478022773111545
0.0,0.01,0.02,0.03,0.04,0.05,0.06,0.1550356149673462,-0.1639249324798584,-0.08879425935447216,-0.26792856452610014,0.02502244844072,-0.9631137842358062
0.0,0.01,0.02,0.03,0.04,0.05,0.06,0.1530918926000595,-0.14943498373031616,-0.10147824697196484,-0.2411394157657275,0.020265858824922132,-0.9702788656516497
0.0,0.01,0.02,0.03,0.04,0.05,0.06,0.15140746533870697,-0.14739033579826355,-0.12127004191279411,-0.19338414740310042,0.08261137412446233,-0.9776389581018364
0.0,0.01,0.02,0.03,0.04,0.05,0.06,0.14843133091926575,-0.13453739881515503,-0.1273980736732483,-0.1953791247326709,0.15226272176039113,-0.9688359309918336
0.0,0.01,0.02,0.03,0.04,0.05,0.06,0.146115243434906,-0.1316625475883484,-0.10178862884640694,-0.17300353597548043,0.1779763263804225,-0.9687074913450963
0.0,0.01,0.02,0.03,0.04,0.05,0.06,0.1305079311132431,-0.10830911993980408,-0.13377370685338974,-0.18385552630669683,0.17897963165195918,-0.9665213070078779
0.0,0.01,0.02,0.03,0.04,0.05,0.06,0.11631064862012863,-0.11142943799495697,-0.13926982507109642,-0.07175343238708147,0.2128848097252802,-0.9744390708140267
0.0,0.01,0.02,0.03,0.04,0.05,0.06,0.10019335150718689,-0.10669545829296112,-0.14559881947934628,-0.030478553169093533,0.17171543832942773,-0.984675005286542
0.0,0.01,0.02,0.03,0.04,0.05,0.06,0.1027848944067955,-0.10814215242862701,-0.14060650812461972,-0.1552244988702564,0.13364274979630844,-0.9787977167818481
0.0,0.01,0.02,0.03,0.04,0.05,0.06,0.10026399046182632,-0.11568495631217957,-0.12728709587827325,-0.20338309309859845,0.07715329810874966,-0.9760546531995989
0.0,0.01,0.02,0.03,0.04,0.05,0.06,0.10207697749137878,-0.12271754443645477,-0.11346765235066414,-0.3979761580715406,0.07439507951071052,-0.9143742941220576
0.0,0.01,0.02,0.03,0.04,0.05,0.06,0.10283493995666504,-0.1363963484764099,-0.107590994797647,-0.5291033006420537,0.05818557389804913,-0.8465601787468148
0.0,0.01,0.02,0.03,0.04,0.05,0.06,0.10604036599397659,-0.14838966727256775,-0.10997170023620129,-0.5589215695259437,0.04342902435714767,-0.8280824831875396
0.0,0.01,0.02,0.03,0.04,0.05,0.06,0.10825791954994202,-0.14597061276435852,-0.11215740907937288,-0.5514617294511802,0.023762548839229788,-0.833861680510249
0.0,0.01,0.02,0.03,0.04,0.05,0.06,0.11183346062898636,-0.14780163764953613,-0.11573776975274086,-0.610114408761298,-0.03889996344792144,-0.7913578211312516
0.0,0.01,0.02,0.03,0.04,0.05,0.06,0.11427752673625946,-0.1538521945476532,-0.11895636143162847,-0.7098964112883376,-0.14354878682691502,-0.6895221758873753
0.0,0.01,0.02,0.03,0.04,0.05,0.06,0.1271226853132248,-0.15011751651763916,-0.0724580679088831,-0.9002766733376643,-0.3138961301195105,-0.3016142087834456
0.0,0.01,0.02,0.03,0.04,0.05,0.06,0.1385474056005478,-0.14978674054145813,-0.07745846547186375,-0.8013110566367724,-0.33058208797903016,-0.49861415304730794
0.0,0.01,0.02,0.03,0.04,0.05,0.06,0.14021307229995728,-0.14902159571647644,-0.07622103951871395,-0.7534633801383227,-0.22260768913899065,-0.6186588329012459
0.0,0.01,0.02,0.03,0.04,0.05,0.06,0.1415046900510788,-0.14536219835281372,-0.06738944165408611,-0.812705151738855,-0.21409367343314478,-0.541917184939753
0.0,0.01,0.02,0.03,0.04,0.05,0.06,0.14187942445278168,-0.15369394421577454,-0.04794874042272568,-0.9071285405568602,-0.13034766941894263,-0.4001590883439123
0.0,0.01,0.02,0.03,0.04,0.05,0.06,0.14088335633277893,-0.16176199913024902,-0.059315881691873074,-0.8566347210611103,-0.03726541066011535,-0.5145757901814724
0.0,0.01,0.02,0.03,0.04,0.05,0.06,0.13279098272323608,-0.16114476323127747,-0.10401263320818543,-0.7160636129698721,0.0019451055063327684,-0.6980323192697475
0.0,0.01,0.02,0.03,0.04,0.05,0.06,0.12187877297401428,-0.15296518802642822,-0.10166008211672306,-0.6072795232359205,0.06764639635782337,-0.7916031491335499
0.0,0.01,0.02,0.03,0.04,0.05,0.06,0.1100577786564827,-0.15182086825370789,-0.11662338487803936,-0.4807254373512214,0.09409808206265231,-0.8718076650475189
0.0,0.01,0.02,0.03,0.04,0.05,0.06,0.10492507368326187,-0.1515541672706604,-0.13478978630155325,-0.2761848372524529,0.06050263568165227,-0.9591982937575574
0.0,0.01,0.02,0.03,0.04,0.05,0.06,0.10678458958864212,-0.14784303307533264,-0.09857458434998989,-0.17244016988059746,0.061403826404789676,-0.9831042457005265
0.0,0.01,0.02,0.03,0.04,0.05,0.06,0.10711362957954407,-0.14592328667640686,-0.09428532235324383,-0.18137164742154271,0.05327667271687444,-0.9819704280963937
0.0,0.01,0.02,0.03,0.04,0.05,0.06,0.10836029797792435,-0.14335134625434875,-0.09204047592356801,-0.10373778503957143,0.048892556151681706,-0.9934022296673378
0.0,0.01,0.02,0.03,0.04,0.05,0.06,0.11260242015123367,-0.1428101360797882,-0.09256436116993427,-0.12516203188389677,0.0999010714752313,-0.9870938363158768
0.0,0.01,0.02,0.03,0.04,0.05,0.06,0.11279996484518051,-0.14446592330932617,-0.09138297010213137,-0.04692926014834177,0.1404062999138269,-0.9889811502179593
0.0,0.01,0.02,0.03,0.04,0.05,0.06,0.11630602180957794,-0.16181787848472595,-0.11253050621598959,-0.14291925609972583,0.1479023173543934,-0.9786209637837835
0.0,0.01,0.02,0.03,0.04,0.05,0.06,0.13450148701667786,-0.1637091338634491,-0.11959252413362265,-0.14041126027216674,0.14468158073184678,-0.9794651184119402
0.0,0.01,0.02,0.03,0.04,0.05,0.06,0.1459769606590271,-0.1891043484210968,-0.12522662431001663,-0.2123554617639919,0.11222555429325422,-0.9707268322358117
0.0,0.01,0.02,0.03,0.04,0.05,0.06,0.15219780802726746,-0.2100488245487213,-0.12484751036390662,-0.16893616815115908,0.1298400922208242,-0.9770374207483002
0.0,0.01,0.02,0.03,0.04,0.05,0.06,0.15435798466205597,-0.2218349277973175,-0.12937568372581154,-0.11725131878396322,0.1400310559992236,-0.9831802640407117
0.0,0.01,0.02,0.03,0.04,0.05,0.06,0.1548323631286621,-0.2554106116294861,-0.1041445517912507,-0.0828932748143962,0.15466027549739378,-0.9844840802032379
0.0,0.01,0.02,0.03,0.04,0.05,0.06,0.15573745965957642,-0.2807539999485016,-0.056221616454422474,-0.11168118542509779,0.167041689451958,-0.9796041990554555
0.0,0.01,0.02,0.03,0.04,0.05,0.06,0.15758992731571198,-0.30253589153289795,0.0591987706720829,-0.09334162603457968,0.1510663316556468,-0.9841068561336858
0.0,0.01,0.02,0.03,0.04,0.05,0.06,0.15662973374128342,-0.29016125202178955,0.002635667857248336,-0.1415670702131887,0.1271725797714265,-0.9817259798872261
0.0,0.01,0.02,0.03,0.04,0.05,0.06,0.14884760975837708,-0.27627459168434143,0.0010071131400763988,-0.16501709112625393,0.13929714287897843,-0.9764044580100929
0.0,0.01,0.02,0.03,0.04,0.05,0.06,0.13706811517477036,-0.2662937045097351,-0.046255006454885006,-0.16805717269322984,0.13419239588875473,-0.9766008332947467
0.0,0.01,0.02,0.03,0.04,0.05,0.06,0.12863755971193314,-0.24666136503219604,-0.09176708897575736,-0.14973729349404846,0.144429222871625,-0.9781201063866215
0.0,0.01,0.02,0.03,0.04,0.05,0.06,0.11796578019857407,-0.21921825408935547,-0.1031737350858748,-0.1411727763346189,0.1342533896568415,-0.9808395763771076
0.0,0.01,0.02,0.03,0.04,0.05,0.06,0.10526525974273682,-0.1991017758846283,-0.11706139054149389,-0.1881855814206939,0.12735084229356214,-0.9738418505653142
0.0,0.01,0.02,0.03,0.04,0.05,0.06,0.08285889029502869,-0.18972530961036682,-0.1228569382801652,-0.05453146086298864,0.21721286576540252,-0.9745998618520986
0.0,0.01,0.02,0.03,0.04,0.05,0.06,0.07428553700447083,-0.1749683916568756,-0.11337914527393878,-0.08395020992201553,0.1524088106387868,-0.9847456101418883
0.0,0.01,0.02,0.03,0.04,0.05,0.06,0.07876905053853989,-0.17481163144111633,-0.10876424980233423,-0.06973891460369135,0.14850369326949403,-0.9864497639896413
0.0,0.01,0.02,0.03,0.04,0.05,0.06,0.08192984759807587,-0.1739969253540039,-0.11083476392377634,-0.13187941530601377,0.17052082841361138,-0.9764888462730538
0.0,0.01,0.02,0.03,0.04,0.05,0.06,0.10019667446613312,-0.1565750241279602,-0.14947301242500544,-0.19090741053129215,0.14448548161394872,-0.9709162199731869
0.0,0.01,0.02,0.03,0.04,0.05,0.06,0.11228745430707932,-0.13608399033546448,-0.154430840164423,-0.19688301462054608,0.14049359455519714,-0.9703085222973598
0.0,0.01,0.02,0.03,0.04,0.05,0.06,0.11574573069810867,-0.11756458878517151,-0.19939538463950157,-0.17374373950074531,0.12311643303696868,-0.9770647147965947
0.0,0.01,0.02,0.03,0.04,0.05,0.06,0.09875356405973434,-0.07488398253917694,-0.20597374811768532,-0.05722299595689335,0.35245059097567105,-0.9340792844585611
0.0,0.01,0.02,0.03,0.04,0.05,0.06,0.07674284279346466,-0.057410046458244324,-0.29593082144856453,0.05111068683918683,0.6534188817724661,-0.7552691325839065
0.0,0.01,0.02,0.03,0.04,0.05,0.06,0.06664551794528961,-0.032311320304870605,-0.28281624615192413,0.06089415717739088,0.4739865779260872,-0.8784239440996428
0.0,0.01,0.02,0.03,0.04,0.05,0.06,0.06709438562393188,-0.019028648734092712,-0.26129117608070374,-0.06230640233814399,0.2718827737761646,-0.9603112357727864
0.0,0.01,0.02,0.03,0.04,0.05,0.06,0.05948697775602341,-0.017026633024215698,-0.21285218000411987,-0.16642439396380002,0.1790102536305777,-0.969669144702923
0.0,0.01,0.02,0.03,0.04,0.05,0.06,0.05337435007095337,-0.03665247559547424,-0.18213548883795738,-0.18840358959683262,0.2014691415314366,-0.9612045944738373
0.0,0.01,0.02,0.03,0.04,0.05,0.06,0.02456330507993698,-0.039222732186317444,-0.18657319154590368,-0.19443311952563191,0.1469945627122907,-0.9698393478120764
0.0,0.01,0.02,0.03,0.04,0.05,0.06,0.010426387190818787,-0.051797956228256226,-0.15533687360584736,-0.1550517598028215,0.1611964488011407,-0.9746664335432658
0.0,0.01,0.02,0.03,0.04,0.05,0.06,-0.004042290151119232,-0.05493922531604767,-0.11706800386309624,-0.16105152145778565,0.13470988840353074,-0.9777093910781673
0.0,0.01,0.02,0.03,0.04,0.05,0.06,-0.03055558353662491,-0.06199488043785095,-0.11716730892658234,-0.23663238476431833,0.13327767692079429,-0.9624147626233442
0.0,0.01,0.02,0.03,0.04,0.05,0.06,-0.032766200602054596,-0.10566124320030212,-0.10237287729978561,-0.22104421557369192,0.11777510198926427,-0.9681262728140527
0.0,0.01,0.02,0.03,0.04,0.05,0.06,-0.02603079006075859,-0.13859763741493225,-0.11584682762622833,-0.23166724969412977,0.14444129326129576,-0.9620119532626203
0.0,0.01,0.02,0.03,0.04,0.05,0.06,-0.02241646498441696,-0.18376392126083374,-0.13451393693685532,-0.11415107523867617,0.08687996491622074,-0.9896572152609259
0.0,0.01,0.02,0.03,0.04,0.05,0.06,0.010817371308803558,-0.21804416179656982,-0.11789759993553162,-0.10865479506262708,0.11223506588379202,-0.9877233547385418
0.0,0.01,0.02,0.03,0.04,0.05,0.06,0.05835103988647461,-0.2233658730983734,-0.11941906064748764,-0.10076797338810022,0.1313920277797586,-0.9861956958814909
0.0,0.01,0.02,0.03,0.04,0.05,0.06,0.07819150388240814,-0.21642914414405823,-0.11824117600917816,-0.19258623399290056,0.11692765218871103,-0.9742886977842182
0.0,0.01,0.02,0.03,0.04,0.05,0.06,0.11351119726896286,-0.21076294779777527,-0.0764351412653923,-0.24240859049343774,0.10789274734520686,-0.9641562271360841
0.0,0.01,0.02,0.03,0.04,0.05,0.06,0.1275959014892578,-0.22047170996665955,-0.07295677810907364,-0.20684475922271348,0.08892587736785358,-0.9743240908016465
0.0,0.01,0.02,0.03,0.04,0.05,0.06,0.12690556049346924,-0.20184075832366943,-0.11708707734942436,-0.2623565993054222,0.03223832394041964,-0.9644323228046676
0.0,0.01,0.02,0.03,0.04,0.05,0.06,0.13597102463245392,-0.19502434134483337,-0.1269901804625988,-0.4240037522606831,0.011333998918100087,-0.9055895088490071
0.0,0.01,0.02,0.03,0.04,0.05,0.06,0.15109850466251373,-0.19415423274040222,-0.06543035060167313,-0.6135277095262005,-0.02707709335908085,-0.7892088320962695
0.0,0.01,0.02,0.03,0.04,0.05,0.06,0.1695789247751236,-0.17766478657722473,-0.06716124713420868,-0.8767690924103508,-0.09012253320252123,-0.4723916675843152
0.0,0.01,0.02,0.03,0.04,0.05,0.06,0.2023225724697113,-0.1683325171470642,-0.013089854270219803,-0.9192709360648721,-0.15584814629113591,-0.36145857494881856
0.0,0.01,0.02,0.03,0.04,0.05,0.06,0.201189324259758,-0.12790149450302124,-0.07584764435887337,-0.9431082659817219,-0.3283580587390453,0.05222819064523816
0.0,0.01,0.02,0.03,0.04,0.05,0.06,0.20530670881271362,-0.12138834595680237,-0.048781655728816986,-0.8731338829790403,-0.40894751563816756,0.26532838492576394
0.0,0.01,0.02,0.03,0.04,0.05,0.06,0.20111224055290222,-0.10302284359931946,-0.0619898047298193,-0.7836111144260337,-0.45011598094767596,0.42819297640608367
0.0,0.01,0.02,0.03,0.04,0.05,0.06,0.1974840611219406,-0.07493215799331665,-0.08261869009584188,-0.6596739389588392,-0.5017125093871779,0.5595666646459119
0.0,0.01,0.02,0.03,0.04,0.05,0.06,0.19518347084522247,-0.0605083703994751,-0.13666313921567053,-0.5766229204104812,-0.5925281587862367,0.5625090121079663
0.0,0.01,0.02,0.03,0.04,0.05,0.06,0.1931104063987732,-0.06633050739765167,-0.08968490205006674,-0.43703807872903233,-0.6519964011759108,0.6195953603719905
0.0,0.01,0.02,0.03,0.04,0.05,0.06,0.18341660499572754,-0.05883489549160004,-0.096777253318578,-0.36168890620675587,-0.6923785140756897,0.624334148011544
0.0,0.01,0.02,0.03,0.04,0.05,0.06,0.16952502727508545,-0.069880411028862,-0.1290202308446169,-0.3949983853417909,-0.7295286858521375,0.5583584620082617
0.0,0.01,0.02,0.03,0.04,0.05,0.06,0.15335826575756073,-0.07812115550041199,-0.15405667293816805,-0.5381352853045768,-0.5685170661088045,0.6222529712690805
0.0,0.01,0.02,0.03,0.04,0.05,0.06,0.13508723676204681,-0.10077476501464844,-0.13417310547083616,-0.46407088528927154,-0.6934678498849038,0.5511266230212802
0.0,0.01,0.02,0.03,0.04,0.05,0.06,0.12164744734764099,-0.13341227173805237,-0.13288895785808563,-0.576183526902731,-0.582639879692017,0.5731869798926015
0.0,0.01,0.02,0.03,0.04,0.05,0.06,0.11463683843612671,-0.16031914949417114,-0.10435698926448822,-0.4419052226222514,-0.7357159084616676,0.5132658923556109
0.0,0.01,0.02,0.03,0.04,0.05,0.06,0.112002432346344,-0.1760544776916504,-0.09207995235919952,-0.7173619651506915,-0.43091357405019753,0.5474534707666242
0.0,0.01,0.02,0.03,0.04,0.05,0.06,0.1149468645453453,-0.16889873147010803,-0.09164303168654442,-0.5380783532523672,-0.6385474999972993,0.5502079388816739
0.0,0.01,0.02,0.03,0.04,0.05,0.06,0.1234903633594513,-0.18811404705047607,-0.0772043913602829,-0.595394180720781,-0.6640958030289157,0.4521974501953872
0.0,0.01,0.02,0.03,0.04,0.05,0.06,0.12456585466861725,-0.20165488123893738,-0.05337617173790932,-0.6268855704634088,-0.6514012825545904,0.4274235026656834
0.0,0.01,0.02,0.03,0.04,0.05,0.06,0.12557075917720795,-0.2088390290737152,-0.06676311418414116,-0.750022100003532,-0.6513861440877324,0.11472986009233906
0.0,0.01,0.02,0.03,0.04,0.05,0.06,0.14010250568389893,-0.23160046339035034,-0.01413765363395214,-0.7916436266643783,-0.38565255023537554,-0.4738907879022567
0.0,0.01,0.02,0.03,0.04,0.05,0.06,0.14342008531093597,-0.2507319152355194,-0.0201498381793499,-0.8991529856492687,-0.18338623766650777,-0.3973580202192088
0.0,0.01,0.02,0.03,0.04,0.05,0.06,0.14419934153556824,-0.25764402747154236,-0.020134814083576202,-0.8648178062127527,-0.05209641946483555,-0.4993757354300522
0.0,0.01,0.02,0.03,0.04,0.05,0.06,0.14380045235157013,-0.25699853897094727,-0.0070550572127103806,-0.8191017076541949,0.05263157099910602,-0.5712287722551692
0.0,0.01,0.02,0.03,0.04,0.05,0.06,0.1432517170906067,-0.2599191665649414,-0.004682319238781929,-0.7373776116928715,0.12262501680706298,-0.6642570007362996
0.0,0.01,0.02,0.03,0.04,0.05,0.06,0.13672053813934326,-0.25924840569496155,0.006910220719873905,-0.6951271344193116,0.20121565610140138,-0.690152538743196
0.0,0.01,0.02,0.03,0.04,0.05,0.06,0.13523168861865997,-0.26145800948143005,0.004515966400504112,-0.6678180192416493,0.283814033700441,-0.6880906099132912
0.0,0.01,0.02,0.03,0.04,0.05,0.06,0.13412904739379883,-0.2600182592868805,0.0010737823322415352,-0.5666703380994821,0.4341817908158535,-0.7002648787724236
0.0,0.01,0.02,0.03,0.04,0.05,0.06,0.1338130086660385,-0.2586248517036438,0.034647204680368304,-0.552677086872792,0.5563270788546145,-0.6205225370434951
0.0,0.01,0.02,0.03,0.04,0.05,0.06,0.12972240895032883,-0.2533247470855713,0.0413217656314373,-0.4568335160480914,0.7255149450091317,-0.5147146813366942
0.0,0.01,0.02,0.03,0.04,0.05,0.06,0.1266254112124443,-0.25524580478668213,0.08921889495104551,-0.38907801438867295,0.7204333435178937,-0.5741028620961544
0.0,0.01,0.02,0.03,0.04,0.05,0.06,0.1272839531302452,-0.2577754855155945,0.108880665153265,-0.2970617835374999,0.6400209065468438,-0.7086095793485124
0.0,0.01,0.02,0.03,0.04,0.05,0.06,0.12172696739435196,-0.25706198811531067,0.12224008701741695,-0.15326096255457083,0.5518192282459781,-0.8197600970374562
0.0,0.01,0.02,0.03,0.04,0.05,0.06,0.12021050602197647,-0.2559039294719696,0.1034360472112894,0.003316404489872047,0.4358230301274434,-0.9000262706564699
0.0,0.01,0.02,0.03,0.04,0.05,0.06,0.11897437274456024,-0.2546125054359436,0.10409163311123848,0.1820360442411594,0.5596577307802966,-0.8084838297547328
0.0,0.01,0.02,0.03,0.04,0.05,0.06,0.11709394305944443,-0.2541792392730713,0.09416955709457397,0.23627741368121816,0.502019786604557,-0.8319549973656204
0.0,0.01,0.02,0.03,0.04,0.05,0.06,0.10899480432271957,-0.2549772262573242,0.09461329877376556,0.35535918363821184,0.5363898857149797,-0.7655101182261765
0.0,0.01,0.02,0.03,0.04,0.05,0.06,0.1052936315536499,-0.25543031096458435,0.09220859408378601,0.21850958992972722,0.519405847411531,-0.8261181058320002
0.0,0.01,0.02,0.03,0.04,0.05,0.06,0.09949786961078644,-0.2640380263328552,0.0914579089730978,0.1778650372426476,0.44922808626904903,-0.8755330690691925
0.0,0.01,0.02,0.03,0.04,0.05,0.06,0.09868128597736359,-0.263899028301239,0.09198306035250425,0.2233224391703569,0.4362924181364946,-0.8716513144828111
0.0,0.01,0.02,0.03,0.04,0.05,0.06,0.09782717376947403,-0.2661803066730499,0.09091036953032017,0.23277007779446968,0.4298879092259708,-0.8723614367823007
0.0,0.01,0.02,0.03,0.04,0.05,0.06,0.09790913015604019,-0.26957932114601135,0.11916670948266983,0.311247439217039,0.41919285826556174,-0.8528788771918228
0.0,0.01,0.02,0.03,0.04,0.05,0.06,0.09506691247224808,-0.2699229121208191,0.11796602606773376,0.416370265244659,0.45260305930492806,-0.7885342560269097
0.0,0.01,0.02,0.03,0.04,0.05,0.06,0.08869463950395584,-0.2730274796485901,0.11793558113276958,0.49209992278520726,0.43315908168811035,-0.7551230866195962
0.0,0.01,0.02,0.03,0.04,0.05,0.06,0.08390957117080688,-0.27228906750679016,0.1178872287273407,0.6340183025678423,0.3819703206315798,-0.6723982942911144
0.0,0.01,0.02,0.03,0.04,0.05,0.06,0.08092719316482544,-0.268669992685318,0.10582961328327656,0.39489764397723315,0.35021884496606387,-0.8493542319973842
0.0,0.01,0.02,0.03,0.04,0.05,0.06,0.07840555906295776,-0.26608869433403015,0.10773850977420807,0.23834679067827597,0.3110459033203879,-0.92002242005343
0.0,0.01,0.02,0.03,0.04,0.05,0.06,0.07911684364080429,-0.26301488280296326,0.07173401536419988,0.05151347329510949,0.2822919541923577,-0.9579444736869324
0.0,0.01,0.02,0.03,0.04,0.05,0.06,0.07987496256828308,-0.26096275448799133,0.07320074178278446,0.002283307505908807,0.2776541448798425,-0.9606783865258325
0.0,0.01,0.02,0.03,0.04,0.05,0.06,0.08092472702264786,-0.26169341802597046,0.12197168543934822,0.004479150912763326,0.32437558187603904,-0.9459177655006178
0.0,0.01,0.02,0.03,0.04,0.05,0.06,0.08279775083065033,-0.2594173550605774,0.1281865742057562,-0.15202709603766898,0.2377746582312462,-0.959349245047583
0.0,0.01,0.02,0.03,0.04,0.05,0.06,0.0887453556060791,-0.2561197578907013,0.10802863910794258,-0.11400824986885999,0.2298657821085241,-0.9665215161482316
0.0,0.01,0.02,0.03,0.04,0.05,0.06,0.0906934142112732,-0.2514788806438446,0.08548015588894486,-0.12149168173873177,0.23949348240278331,-0.9632666521555089
0.0,0.01,0.02,0.03,0.04,0.05,0.06,0.09051193296909332,-0.24911093711853027,0.056123143527656794,-0.06921041558781654,0.17348956959656428,-0.9824007774912235
0.0,0.01,0.02,0.03,0.04,0.05,0.06,0.09077951312065125,-0.2476658821105957,0.061245621647685766,-0.016489284718218544,0.15824933783645972,-0.9872614904693707
0.0,0.01,0.02,0.03,0.04,0.05,0.06,0.0909755676984787,-0.23713618516921997,0.005790079012513161,0.0480734005768137,0.16240518499232637,-0.9855523852361118
0.0,0.01,0.02,0.03,0.04,0.05,0.06,0.09103388339281082,-0.22142481803894043,-0.02927210181951523,-0.14509441047067947,0.10461630399380986,-0.9838714555209134
0.0,0.01,0.02,0.03,0.04,0.05,0.06,0.09925101697444916,-0.2202136218547821,-0.055328287184238434,-0.1966056095981407,0.10223566051507171,-0.9751379922829334
0.0,0.01,0.02,0.03,0.04,0.05,0.06,0.11929977685213089,-0.2119014859199524,-0.06353113800287247,-0.22503635385202791,0.14155218179316587,-0.9640132879139061
0.0,0.01,0.02,0.03,0.04,0.05,0.06,0.13118954002857208,-0.20634371042251587,-0.07291153073310852,-0.3165142510916818,0.09670999822788309,-0.9436450101063613
0.0,0.01,0.02,0.03,0.04,0.05,0.06,0.14606967568397522,-0.19633838534355164,-0.055341970175504684,-0.3254962563539976,0.06364270795685867,-0.9433990633997104
0.0,0.01,0.02,0.03,0.04,0.05,0.06,0.14607296884059906,-0.185410737991333,-0.07780873030424118,-0.3925445465589905,0.05349363911427235,-0.9181760231791661
0.0,0.01,0.02,0.03,0.04,0.05,0.06,0.15603189170360565,-0.17089048027992249,-0.06848679855465889,-0.5882803115110207,-0.024479771692801747,-0.8082864689368274
0.0,0.01,0.02,0.03,0.04,0.05,0.06,0.17097000777721405,-0.16897481679916382,-0.05832017585635185,-0.8470034705484528,-0.2458755464019705,-0.4713070512525869
0.0,0.01,0.02,0.03,0.04,0.05,0.06,0.20068055391311646,-0.13289430737495422,-0.07832510769367218,-0.8931129367565562,-0.4043671321767464,-0.19706979629875646
0.0,0.01,0.02,0.03,0.04,0.05,0.06,0.19460244476795197,-0.13518178462982178,-0.11580583453178406,-0.8356342098022075,-0.5459506199984415,0.06044326208567538
0.0,0.01,0.02,0.03,0.04,0.05,0.06,0.18979643285274506,-0.13023310899734497,-0.1345994845032692,-0.7286041033077819,-0.6340417811232341,0.2590889430931773
0.0,0.01,0.02,0.03,0.04,0.05,0.06,0.1861594170331955,-0.10755690932273865,-0.11875550448894501,-0.6373266024067064,-0.7059266225554433,0.3090022741537491
0.0,0.01,0.02,0.03,0.04,0.05,0.06,0.1905430108308792,-0.11905941367149353,-0.1265973299741745,-0.7174238758242201,-0.6836563426444889,0.13385435203726287
0.0,0.01,0.02,0.03,0.04,0.05,0.06,0.18745547533035278,-0.11925604939460754,-0.07739558443427086,-0.8151217541031126,-0.5791390855152014,-0.01320778620666253
0.0,0.01,0.02,0.03,0.04,0.05,0.06,0.18668018281459808,-0.12600624561309814,-0.058401912450790405,-0.8721043092965463,-0.43114563416856305,-0.23140336178150428
0.0,0.01,0.02,0.03,0.04,0.05,0.06,0.17879745364189148,-0.12359634041786194,-0.03727039787918329,-0.8045263752766105,-0.21918190809935478,-0.5519932994577059
0.0,0.01,0.02,0.03,0.04,0.05,0.06,0.11165577173233032,-0.0007469356060028076,-0.10538272932171822,-0.37037835565919297,-0.04232982209711646,-0.9279159767028581
0.0,0.01,0.02,0.03,0.04,0.05,0.06,0.12008059024810791,-0.09289523959159851,-0.11260321736335754,-0.2831793805537037,-0.029194812327063505,-0.9586225020113016
0.0,0.01,0.02,0.03,0.04,0.05,0.06,0.12192374467849731,-0.10364295542240143,-0.09820199012756348,-0.22580734833884852,-0.02453713376770145,-0.9738629115551346
0.0,0.01,0.02,0.03,0.04,0.05,0.06,0.11820819973945618,-0.10774758458137512,-0.12152781337499619,-0.20852373977536265,-0.002468039641164334,-0.9780141914770085
0.0,0.01,0.02,0.03,0.04,0.05,0.06,0.11920025944709778,-0.10910935699939728,-0.11310039088129997,-0.2122023575792027,0.02491698423036725,-0.9769080321784093
0.0,0.01,0.02,0.03,0.04,0.05,0.06,0.11748163402080536,-0.10836334526538849,-0.11162209883332253,-0.23784494041783535,0.04805260189003114,-0.9701137725902227
0.0,0.01,0.02,0.03,0.04,0.05,0.06,0.11795298755168915,-0.10619466006755829,-0.11822029948234558,-0.19536271502803831,0.07470398439689674,-0.9778817537371796
0.0,0.01,0.02,0.03,0.04,0.05,0.06,0.11845774948596954,-0.10624267160892487,-0.11545756086707115,-0.17386852520034168,0.0806440464890832,-0.9814612950649274
0.0,0.01,0.02,0.03,0.04,0.05,0.06,0.11916990578174591,-0.10752841830253601,-0.11609997227787971,-0.15069302368131138,0.09106991700644126,-0.9843769008008181
0.0,0.01,0.02,0.03,0.04,0.05,0.06,0.12184475362300873,-0.10356901586055756,-0.1205315813422203,-0.13775101230114384,0.11146231744868769,-0.9841751929402498
0.0,0.01,0.02,0.03,0.04,0.05,0.06,0.12034884095191956,-0.1074075996875763,-0.12037797272205353,-0.03911960305490216,0.18906669663101225,-0.9811847129271143
0.0,0.01,0.02,0.03,0.04,0.05,0.06,0.12042269110679626,-0.10932201147079468,-0.10792241990566254,0.05965688709776301,0.20891465338341964,-0.9761125567389707
0.0,0.01,0.02,0.03,0.04,0.05,0.06,0.11524888873100281,-0.1084064245223999,-0.10575290024280548,0.14290577075021613,0.2134791668840473,-0.9664391268945912
0.0,0.01,0.02,0.03,0.04,0.05,0.06,0.11199454963207245,-0.11054269969463348,-0.098492331802845,0.07129320186608987,0.2115055703357595,-0.9747731392917155
0.0,0.01,0.02,0.03,0.04,0.05,0.06,0.10128113627433777,-0.11074218153953552,-0.10055072233080864,-0.07940256364956669,0.1369574481166658,-0.9873894319321265
0.0,0.01,0.02,0.03,0.04,0.05,0.06,0.09701799601316452,-0.11035260558128357,-0.1044594869017601,-0.08870948159222868,0.10230418075201476,-0.9907898276003327
0.0,0.01,0.02,0.03,0.04,0.05,0.06,0.09701017290353775,-0.11132590472698212,-0.10684333741664886,-0.07426696964906446,0.05827044203945815,-0.9955345161287332
0.0,0.01,0.02,0.03,0.04,0.05,0.06,0.09929735213518143,-0.10790765285491943,-0.10416331142187119,-0.24342078140672702,0.08403730286017774,-0.9662732816896703
0.0,0.01,0.02,0.03,0.04,0.05,0.06,0.09890956431627274,-0.10665346682071686,-0.12397380918264389,-0.24584417116158186,0.06854279713762898,-0.9668828928398852
